symbol,timestamp,open,high,low,close,volume,trade_count,vwap
BTC/USD,2025-06-25 03:00:00+00:00,106592.408,106650.2555,106413.165,106547.015,4.5987e-05,1.0,106592.408
BTC/USD,2025-06-25 03:30:00+00:00,106502.2795,106553.5375,106236.0,106307.0335,0.009189784,3.0,106510.521384
BTC/USD,2025-06-25 04:00:00+00:00,106371.826,106430.092,106140.1,106305.7555,0.013469046,3.0,106159.877278
BTC/USD,2025-06-25 04:30:00+00:00,106234.845,106308.76,106070.445,106291.28,0.0001131,1.0,106308.76
BTC/USD,2025-06-25 05:00:00+00:00,106215.7775,106348.571,106063.9,106217.865,0.000123603,2.0,106187.054244
BTC/USD,2025-06-25 05:30:00+00:00,106260.71,106516.75,106260.71,106289.78,0.000748415,4.0,106398.946022
BTC/USD,2025-06-25 06:00:00+00:00,106342.075,106443.3915,106240.4635,106443.3915,0.0,0.0,106342.075
BTC/USD,2025-06-25 06:30:00+00:00,106512.353,106583.81,106401.46,106457.95,0.017364185,4.0,106541.432103
BTC/USD,2025-06-25 07:00:00+00:00,106515.3,106668.96,106398.355,106668.96,0.000294143,2.0,106524.589701
BTC/USD,2025-06-25 07:30:00+00:00,106601.5,106764.727,106580.2,106651.157,0.006305212,4.0,106658.179358
BTC/USD,2025-06-25 08:00:00+00:00,106722.4,106754.617,106510.97,106525.543,0.000897969,4.0,106731.833446
BTC/USD,2025-06-25 08:30:00+00:00,106484.505,106691.5,106416.085,106691.5,0.00022559,2.0,106577.762369
BTC/USD,2025-06-25 09:00:00+00:00,106749.9,106984.25,106680.41,106936.82,0.001947814,11.0,106903.906951
BTC/USD,2025-06-25 09:30:00+00:00,106989.74,106989.74,106570.719,106668.9,0.000180196,2.0,106810.236216
BTC/USD,2025-06-25 10:00:00+00:00,106736.3,107151.3745,106644.3635,107151.3745,0.001217031,9.0,107012.520464
BTC/USD,2025-06-25 10:30:00+00:00,107143.395,107151.0,106975.435,107112.8315,7.4386e-05,1.0,107151.0
BTC/USD,2025-06-25 11:00:00+00:00,107151.0,107151.0,106961.6605,107016.755,0.000268061,3.0,107084.099796
BTC/USD,2025-06-25 11:30:00+00:00,107099.04,107328.7,107016.755,107255.97,0.758433131,8.0,107151.033015
BTC/USD,2025-06-25 12:00:00+00:00,107314.9,107314.9,106981.965,107044.002,0.011948852,4.0,107181.358085
BTC/USD,2025-06-25 12:30:00+00:00,107111.03,107285.0,107018.37,107253.933,0.00034079,4.0,107217.218601
BTC/USD,2025-06-25 13:00:00+00:00,107253.933,107947.15,107182.3,107871.55,0.047059056,45.0,107470.106767
BTC/USD,2025-06-25 13:30:00+00:00,107852.6,108182.58,107609.2945,108010.7225,0.175214384,19.0,108053.636985
BTC/USD,2025-06-25 14:00:00+00:00,107971.69,108189.085,107307.353,107626.5355,0.024090854,10.0,108041.581242
BTC/USD,2025-06-25 14:30:00+00:00,107669.389,107942.7075,107558.806,107691.495,0.007800711,9.0,107610.651808
BTC/USD,2025-06-25 15:00:00+00:00,107755.6,107755.6,107056.664,107131.165,0.012765428,14.0,107270.805332
BTC/USD,2025-06-25 15:30:00+00:00,107201.6,107294.342,106837.5815,107067.5265,0.011029729,11.0,107108.808204
BTC/USD,2025-06-25 16:00:00+00:00,107129.7175,107567.86,107129.7175,107398.05,0.014814271,9.0,107288.417678
BTC/USD,2025-06-25 16:30:00+00:00,107462.2,107462.2,107071.127,107194.1975,0.002626692,11.0,107240.78958
BTC/USD,2025-06-25 17:00:00+00:00,107114.765,107569.4395,107114.765,107456.624,0.001019268,2.0,107163.936007
BTC/USD,2025-06-25 17:30:00+00:00,107417.101,107506.89,106992.8,107492.265,0.045014734,8.0,107329.51186
BTC/USD,2025-06-25 18:00:00+00:00,107438.0775,107606.7,107373.0,107477.375,0.336351805,2.0,107421.92134
BTC/USD,2025-06-25 18:30:00+00:00,107527.9,107601.4,107239.725,107436.8,0.010901027,5.0,107576.500145
BTC/USD,2025-06-25 19:00:00+00:00,107477.91,107964.495,107477.69,107964.495,0.007477006,9.0,107824.281948
BTC/USD,2025-06-25 19:30:00+00:00,107865.9235,107946.547,107554.879,107780.86,0.254683188,92.0,107760.7418
BTC/USD,2025-06-25 20:00:00+00:00,107743.3275,107829.7,107572.4,107744.065,0.005388195,8.0,107642.939977
BTC/USD,2025-06-25 20:30:00+00:00,107840.11,108005.314,107673.545,107848.055,0.009986966,8.0,107746.359555
BTC/USD,2025-06-25 21:00:00+00:00,107922.7,108145.22,107591.1685,107591.1685,0.054782882,7.0,107652.905155
BTC/USD,2025-06-25 21:30:00+00:00,107670.9,107721.378,107493.3775,107634.8395,0.001235766,10.0,107624.143164
BTC/USD,2025-06-25 22:00:00+00:00,107592.955,107592.955,107391.41,107473.645,6.0851e-05,1.0,107391.41
BTC/USD,2025-06-25 22:30:00+00:00,107406.95,107420.817,107291.474,107359.75,0.000409545,1.0,107388.434
BTC/USD,2025-06-25 23:00:00+00:00,107294.2,107443.285,107218.55,107244.0835,0.001427448,1.0,107294.2
BTC/USD,2025-06-25 23:30:00+00:00,107311.27,107440.83,107193.67,107440.83,6.1102e-05,1.0,107341.1
BTC/USD,2025-06-26 00:00:00+00:00,107496.6575,107641.9,107496.6575,107528.772,6.0949e-05,1.0,107577.8
BTC/USD,2025-06-26 00:30:00+00:00,107476.855,107519.458,107340.4025,107340.4025,0.0,0.0,107476.855
BTC/USD,2025-06-26 01:00:00+00:00,107297.81,107524.6305,107194.294,107524.6305,0.0,0.0,107297.81
BTC/USD,2025-06-26 01:30:00+00:00,107571.861,107957.2885,107378.8325,107661.183,4.5569e-05,1.0,107571.861
BTC/USD,2025-06-26 02:00:00+00:00,107601.35,107977.9,107601.35,107810.75,0.002485509,4.0,107672.194904
BTC/USD,2025-06-26 02:30:00+00:00,107870.1,108071.7,107664.612,108002.223,0.06026961,4.0,107734.184302
BTC/USD,2025-06-26 03:00:00+00:00,108060.237,108324.4905,107896.3625,107896.497,0.000145363,2.0,108157.278888
BTC/USD,2025-06-26 03:30:00+00:00,107952.08,108016.59,107783.13,107935.35,0.42909938,2.0,107783.15469
BTC/USD,2025-06-26 04:00:00+00:00,107999.4,108036.595,107830.165,107861.323,0.000537703,3.0,108030.06229
BTC/USD,2025-06-26 04:30:00+00:00,107946.0,107968.22,107783.96,107913.75,0.004518218,2.0,107950.751757
BTC/USD,2025-06-26 05:00:00+00:00,107827.975,107872.62,107748.575,107755.154,0.047192627,4.0,107782.54231
BTC/USD,2025-06-26 05:30:00+00:00,107682.225,107789.88,107509.533,107668.61,0.05506237,5.0,107572.349677
BTC/USD,2025-06-26 06:00:00+00:00,107639.5255,107889.26,107639.5255,107757.726,0.003565244,5.0,107800.474702
BTC/USD,2025-06-26 06:30:00+00:00,107771.301,107867.712,107753.1165,107820.0955,0.002450748,1.0,107867.712
BTC/USD,2025-06-26 07:00:00+00:00,107908.0,108157.729,107829.75,108095.8875,0.021317107,11.0,108070.246012
BTC/USD,2025-06-26 07:30:00+00:00,108157.729,108157.729,107878.535,107878.535,0.018307604,6.0,107927.310089
BTC/USD,2025-06-26 08:00:00+00:00,107940.57,108197.291,107878.535,107936.407,0.043392576,7.0,108059.4903
BTC/USD,2025-06-26 08:30:00+00:00,108011.97,108011.97,107782.25,107832.62,0.004486084,7.0,107952.504275
BTC/USD,2025-06-26 09:00:00+00:00,107791.84,107823.5745,107353.085,107518.687,0.000729878,5.0,107510.732831
BTC/USD,2025-06-26 09:30:00+00:00,107581.562,107589.73,107318.6,107415.54,0.019602698,6.0,107457.23357
BTC/USD,2025-06-26 10:00:00+00:00,107344.2205,107588.33,107246.859,107386.24,0.002048649,9.0,107419.880759
BTC/USD,2025-06-26 10:30:00+00:00,107473.08,107504.32,107327.171,107456.157,0.003769278,5.0,107440.005436
BTC/USD,2025-06-26 11:00:00+00:00,107381.4,107498.9,107228.1445,107228.1445,0.001098887,10.0,107387.198696
BTC/USD,2025-06-26 11:30:00+00:00,107166.83,107474.32,107160.6,107378.925,0.012629403,11.0,107258.294098
BTC/USD,2025-06-26 12:00:00+00:00,107446.443,107446.443,107133.399,107227.164,0.031654142,9.0,107141.695446
BTC/USD,2025-06-26 12:30:00+00:00,107291.604,107334.362,107120.6745,107231.716,0.003922501,9.0,107171.380403
BTC/USD,2025-06-26 13:00:00+00:00,107164.6065,107291.1,106997.7,107119.7155,0.009748699,8.0,107116.575356
BTC/USD,2025-06-26 13:30:00+00:00,107200.971,107394.24,106791.13,107030.779,0.013498832,18.0,107044.987425
BTC/USD,2025-06-26 14:00:00+00:00,106954.681,107351.04,106941.0,107254.308,0.01333411,22.0,106978.739384
BTC/USD,2025-06-26 14:30:00+00:00,107308.1,107815.55,107308.1,107486.8415,0.000739349,6.0,107599.341032
BTC/USD,2025-06-26 15:00:00+00:00,107560.685,107584.159,106884.87,107001.48,0.00239914,8.0,107421.477542
BTC/USD,2025-06-26 15:30:00+00:00,107072.4,107353.714,106670.435,107353.714,0.024924188,7.0,107266.40964
BTC/USD,2025-06-26 16:00:00+00:00,107443.8315,107529.65,107077.45,107247.504,0.003818702,12.0,107343.260495
BTC/USD,2025-06-26 16:30:00+00:00,107307.285,107334.042,107037.1,107214.925,0.002428031,14.0,107214.065135
BTC/USD,2025-06-26 17:00:00+00:00,107264.25,107506.44,107246.57,107369.8755,0.021661157,7.0,107325.612895
BTC/USD,2025-06-26 17:30:00+00:00,107319.75,107417.89,107183.847,107258.133,0.017295056,12.0,107278.231187
BTC/USD,2025-06-26 18:00:00+00:00,107218.23,107695.3,107218.23,107331.615,0.000785945,6.0,107530.982894
BTC/USD,2025-06-26 18:30:00+00:00,107393.5825,107516.08,107226.02,107419.65,0.011655729,9.0,107351.295571
BTC/USD,2025-06-26 19:00:00+00:00,107366.0,107656.3,107351.8,107523.545,0.074600854,10.0,107384.795456
BTC/USD,2025-06-26 19:30:00+00:00,107617.1,107758.1,107474.63,107575.415,0.03164809,65.0,107544.138796
BTC/USD,2025-06-26 20:00:00+00:00,107541.925,107717.1,107530.84,107639.0995,0.000110659,2.0,107706.783813
BTC/USD,2025-06-26 20:30:00+00:00,107709.499,108119.2,107639.0995,107808.359,0.000673664,9.0,107903.680636
BTC/USD,2025-06-26 21:00:00+00:00,107878.641,107878.641,107195.935,107316.8,0.001059315,8.0,107481.731688
BTC/USD,2025-06-26 21:30:00+00:00,107341.997,107341.997,106883.3495,107081.09,0.00460965,29.0,107038.249115
BTC/USD,2025-06-26 22:00:00+00:00,107014.186,107315.698,106997.4,107214.16,0.005545871,19.0,107121.094519
BTC/USD,2025-06-26 22:30:00+00:00,107185.7675,107185.7675,106980.24,107029.88,0.000285262,4.0,107078.449083
BTC/USD,2025-06-26 23:00:00+00:00,106985.202,107088.3975,106922.05,107088.3975,0.00033685,3.0,107036.586102
BTC/USD,2025-06-26 23:30:00+00:00,107034.3705,107086.35,106917.093,106999.4935,0.000510246,5.0,107041.793733
BTC/USD,2025-06-27 00:00:00+00:00,107062.1135,107298.6,107051.7225,107248.375,0.00068516,3.0,107209.583966
BTC/USD,2025-06-27 00:30:00+00:00,107184.05,107248.375,106696.124,106718.74,0.002093147,7.0,107041.296255
BTC/USD,2025-06-27 01:00:00+00:00,106695.467,107102.7255,106513.485,107042.192,0.001133034,6.0,106772.357125
BTC/USD,2025-06-27 01:30:00+00:00,107088.694,107227.208,107088.694,107174.868,0.004415868,2.0,107155.864361
BTC/USD,2025-06-27 02:00:00+00:00,107133.58,107357.2,107133.58,107290.36,0.0004,1.0,107357.2
BTC/USD,2025-06-27 02:30:00+00:00,107335.9,107429.8,107242.285,107292.85,0.001909779,2.0,107424.294168
BTC/USD,2025-06-27 03:00:00+00:00,107365.0,107388.2195,107224.6995,107388.2195,0.000177,1.0,107289.1
BTC/USD,2025-06-27 03:30:00+00:00,107471.949,107540.0315,107388.2195,107529.396,5.5554e-05,1.0,107471.949
BTC/USD,2025-06-27 04:00:00+00:00,107589.39,107589.39,107432.7,107450.6345,0.000426427,5.0,107569.711066
BTC/USD,2025-06-27 04:30:00+00:00,107520.02,107673.85,107437.6245,107559.85,0.000426124,6.0,107612.378606
BTC/USD,2025-06-27 05:00:00+00:00,107627.1,107695.8,107393.365,107394.565,0.000537738,6.0,107649.22845
BTC/USD,2025-06-27 05:30:00+00:00,107398.3635,107518.34,107343.2935,107343.2935,0.00055921,5.0,107478.59052
BTC/USD,2025-06-27 06:00:00+00:00,107425.687,107455.454,107282.7645,107298.77,0.002405876,6.0,107406.14537
BTC/USD,2025-06-27 06:30:00+00:00,107365.2,107489.959,107298.77,107343.0,0.006466963,6.0,107437.992887
BTC/USD,2025-06-27 07:00:00+00:00,107348.87,107760.95,107338.95,107379.03,0.0355396,3.0,107502.878406
BTC/USD,2025-06-27 07:30:00+00:00,107365.165,107452.09,106929.3325,106962.38,0.012973449,33.0,107080.479182
BTC/USD,2025-06-27 08:00:00+00:00,107000.736,107162.7,106787.5,106812.6745,0.016399245,30.0,106941.453709
BTC/USD,2025-06-27 08:30:00+00:00,106727.5105,107164.026,106727.5105,107032.5705,0.03011763,11.0,106992.811648
BTC/USD,2025-06-27 09:00:00+00:00,106987.066,106987.066,106838.215,106838.215,0.00033684,3.0,106971.322031
BTC/USD,2025-06-27 09:30:00+00:00,106914.0,107225.6,106914.0,107145.055,0.00590391,2.0,107220.534105
BTC/USD,2025-06-27 10:00:00+00:00,107205.7,107205.7,107002.917,107044.745,0.00044831,4.0,107127.912313
BTC/USD,2025-06-27 10:30:00+00:00,107091.5,107195.505,107043.993,107064.365,0.006763599,2.0,107191.42951
BTC/USD,2025-06-27 11:00:00+00:00,107147.64,107188.0,106977.184,106977.184,0.00313865,3.0,107154.948688
BTC/USD,2025-06-27 11:30:00+00:00,107024.721,107076.842,106977.239,107011.94,0.000160901,2.0,107067.142185
BTC/USD,2025-06-27 12:00:00+00:00,107067.137,107235.55,107006.915,107171.0655,0.000456404,1.0,107175.9
BTC/USD,2025-06-27 12:30:00+00:00,107160.649,107160.649,106684.1045,106721.695,0.00234839,6.0,106815.755091
BTC/USD,2025-06-27 13:00:00+00:00,106789.09,106908.7,106708.375,106739.345,0.009051239,9.0,106869.695105
BTC/USD,2025-06-27 13:30:00+00:00,106767.9775,107026.31,106460.54,106867.7,0.008050784,2.0,106942.928475
BTC/USD,2025-06-27 14:00:00+00:00,106939.2,107157.69,106461.91,106577.53,0.002061743,3.0,106705.745187
BTC/USD,2025-06-27 14:30:00+00:00,106499.155,106698.478,106407.925,106583.55,0.019776827,6.0,106567.352313
BTC/USD,2025-06-27 15:00:00+00:00,106638.4,106844.5495,106543.83,106844.5495,0.020131714,8.0,106702.867238
BTC/USD,2025-06-27 15:30:00+00:00,106855.45,107494.2,106845.43,107357.721,0.002762699,5.0,107221.691281
BTC/USD,2025-06-27 16:00:00+00:00,107427.0,107427.0,107145.48,107355.5565,0.004268056,10.0,107330.195555
BTC/USD,2025-06-27 16:30:00+00:00,107379.45,107704.744,107379.45,107546.577,0.008040055,5.0,107597.338269
BTC/USD,2025-06-27 17:00:00+00:00,107606.7,107606.7,107028.2865,107028.2865,0.001409699,5.0,107235.973931
BTC/USD,2025-06-27 17:30:00+00:00,106987.2,107098.4665,106522.8,106931.4925,0.000633255,1.0,106746.9
BTC/USD,2025-06-27 18:00:00+00:00,106876.2375,107057.052,106700.5,106731.925,0.001114932,3.0,107002.804551
BTC/USD,2025-06-27 18:30:00+00:00,106821.6,106821.6,106508.0,106756.612,0.022728848,6.0,106741.609588
BTC/USD,2025-06-27 19:00:00+00:00,106688.624,106970.878,106688.624,106806.089,0.069189078,5.0,106707.348478
BTC/USD,2025-06-27 19:30:00+00:00,106757.2525,107155.9,106757.2525,106900.2465,0.799212832,149.0,106974.689532
BTC/USD,2025-06-27 20:00:00+00:00,106934.2035,107146.14,106920.555,107111.4175,0.000550829,2.0,107084.511499
BTC/USD,2025-06-27 20:30:00+00:00,107156.605,107245.83,107053.385,107130.59,7.4777e-05,1.0,107245.83
BTC/USD,2025-06-27 21:00:00+00:00,107201.215,107240.425,107085.83,107201.98,9.2376e-05,1.0,107224.699
BTC/USD,2025-06-27 21:30:00+00:00,107263.724,107294.35,107131.32,107146.626,0.0,0.0,107263.724
BTC/USD,2025-06-27 22:00:00+00:00,107166.0205,107249.814,107161.317,107242.924,0.0,0.0,107166.15
BTC/USD,2025-06-27 22:30:00+00:00,107168.185,107243.2,107141.8975,107150.9045,0.021675606,3.0,107224.979695
BTC/USD,2025-06-27 23:00:00+00:00,107158.4995,107211.81,107031.8,107080.82,0.001848034,3.0,107132.567267
BTC/USD,2025-06-27 23:30:00+00:00,107066.974,107130.204,107032.664,107085.0625,6.0856e-05,1.0,107130.204
BTC/USD,2025-06-28 00:00:00+00:00,107021.379,107049.5,106868.722,106956.6185,0.050121514,7.0,106919.978799
BTC/USD,2025-06-28 00:30:00+00:00,106970.0,107222.2895,106970.0,107107.924,0.123501704,10.0,107024.755596
BTC/USD,2025-06-28 01:00:00+00:00,107064.174,107154.8,106897.0945,106932.3985,9.2432e-05,1.0,107154.8
BTC/USD,2025-06-28 01:30:00+00:00,106943.35,107161.795,106899.0,107161.795,0.00017151,1.0,106979.02
BTC/USD,2025-06-28 02:00:00+00:00,107117.6935,107240.25,107089.305,107221.405,0.224113614,1.0,107240.25
BTC/USD,2025-06-28 02:30:00+00:00,107209.625,107245.06,107145.151,107177.885,6.0658e-05,1.0,107145.151
BTC/USD,2025-06-28 03:00:00+00:00,107170.3895,107236.2125,107136.355,107236.2125,0.0,0.0,107168.60725
BTC/USD,2025-06-28 03:30:00+00:00,107294.85,107404.543,107294.85,107404.543,0.0,0.0,107294.85
BTC/USD,2025-06-28 04:00:00+00:00,107470.8,107470.8,107246.5505,107272.845,9.1264e-05,2.0,107423.346211
BTC/USD,2025-06-28 04:30:00+00:00,107351.0,107351.0,107234.5,107266.462,4.5662e-05,1.0,107351.0
BTC/USD,2025-06-28 05:00:00+00:00,107258.064,107423.921,107233.6875,107341.454,4.5631e-05,1.0,107423.921
BTC/USD,2025-06-28 05:30:00+00:00,107345.833,107350.62,107304.5195,107321.685,0.0,0.0,107332.76925
BTC/USD,2025-06-28 06:00:00+00:00,107399.87,107463.4155,107321.685,107463.4155,6.2894e-05,1.0,107399.87
BTC/USD,2025-06-28 06:30:00+00:00,107530.52,107532.16,107442.0215,107455.725,0.003297556,3.0,107506.804595
BTC/USD,2025-06-28 07:00:00+00:00,107543.05,107543.05,107455.725,107482.3085,5.333e-05,1.0,107543.05
BTC/USD,2025-06-28 07:30:00+00:00,107551.9,107581.723,107482.3085,107511.245,0.000144316,2.0,107572.304482
BTC/USD,2025-06-28 08:00:00+00:00,107572.9,107572.9,107377.6,107487.814,0.004487982,3.0,107400.027098
BTC/USD,2025-06-28 08:30:00+00:00,107575.68,107575.68,107401.9955,107401.9955,0.013520532,4.0,107498.072506
BTC/USD,2025-06-28 09:00:00+00:00,107361.727,107374.403,107281.49,107374.403,0.00028969,1.0,107281.49
BTC/USD,2025-06-28 09:30:00+00:00,107361.727,107374.403,107281.49,107374.403,0.0,0.0,107281.49
BTC/USD,2025-06-28 10:00:00+00:00,107291.3,107426.3675,107291.3,107426.3675,0.230638305,2.0,107307.058494
BTC/USD,2025-06-28 10:30:00+00:00,107369.674,107431.08,107352.37,107352.37,2.6556e-05,1.0,107431.08
BTC/USD,2025-06-28 11:00:00+00:00,107333.902,107333.902,107333.902,107333.902,0.0,0.0,107333.902
BTC/USD,2025-06-28 11:30:00+00:00,107375.89,107433.7,107375.89,107384.085,9.6365e-05,1.0,107433.7
BTC/USD,2025-06-28 12:00:00+00:00,107375.89,107433.7,107375.89,107384.085,0.0,0.0,107433.7
BTC/USD,2025-06-28 12:30:00+00:00,107375.89,107433.7,107375.89,107384.085,0.0,0.0,107433.7
BTC/USD,2025-06-28 13:00:00+00:00,107346.245,107364.98,107247.53,107267.4955,9.6124e-05,1.0,107247.53
BTC/USD,2025-06-28 13:30:00+00:00,107186.8,107186.8,107153.535,107171.785,0.0,0.0,107186.8
BTC/USD,2025-06-28 14:00:00+00:00,107235.91,107263.0,107162.6705,107263.0,0.000250501,1.0,107235.91
BTC/USD,2025-06-28 14:30:00+00:00,107235.91,107263.0,107162.6705,107263.0,0.0,0.0,107235.91
BTC/USD,2025-06-28 15:00:00+00:00,107298.3745,107298.3745,107240.744,107249.611,0.0,0.0,107298.3745
BTC/USD,2025-06-28 15:30:00+00:00,107264.721,107537.7695,107243.0335,107484.2805,0.0045,1.0,107405.22
BTC/USD,2025-06-28 16:00:00+00:00,107438.828,107622.95,107320.0215,107377.32,0.001652613,8.0,107573.447921
BTC/USD,2025-06-28 16:30:00+00:00,107315.04,107432.365,107312.055,107366.215,0.001804,1.0,107315.04
BTC/USD,2025-06-28 17:00:00+00:00,107366.15,107440.1,107324.621,107389.651,0.003189455,2.0,107440.044446
BTC/USD,2025-06-28 17:30:00+00:00,107384.475,107595.6,107345.505,107486.45,9.111e-06,1.0,107595.6
BTC/USD,2025-06-28 18:00:00+00:00,107535.1,107535.1,107394.49,107394.49,0.000600286,4.0,107442.462139
BTC/USD,2025-06-28 18:30:00+00:00,107411.86,107445.9,107296.047,107377.49,0.078675441,2.0,107309.255135
BTC/USD,2025-06-28 19:00:00+00:00,107348.745,107393.954,107342.1445,107393.954,0.0,0.0,107359.8625
BTC/USD,2025-06-28 19:30:00+00:00,107319.138,107403.97,106915.3332512315,107270.7395,0.615000261,145.0,107358.069185
BTC/USD,2025-06-28 20:00:00+00:00,107244.205,107244.205,107232.3,107232.3,0.0,0.0,107244.205
BTC/USD,2025-06-28 20:30:00+00:00,107151.0,107320.876,107151.0,107253.777,0.014348107,5.0,107203.935912
BTC/USD,2025-06-28 21:00:00+00:00,107187.054,107295.032,107187.054,107295.032,1.9109e-05,1.0,107187.054
BTC/USD,2025-06-28 21:30:00+00:00,107315.476,107382.752,107303.3825,107381.92,3e-05,1.0,107382.752
BTC/USD,2025-06-28 22:00:00+00:00,107337.39,107490.36,107292.367,107339.9895,0.000209925,7.0,107413.17278
BTC/USD,2025-06-28 22:30:00+00:00,107410.759,107441.665,107339.9895,107441.665,0.000239475,2.0,107356.981723
BTC/USD,2025-06-28 23:00:00+00:00,107399.8885,107479.36,107357.0825,107357.0825,0.00012,4.0,107451.97575
BTC/USD,2025-06-28 23:30:00+00:00,107412.085,107412.085,107318.6,107357.7,0.000679625,3.0,107378.482362
BTC/USD,2025-06-29 00:00:00+00:00,107276.1,107490.123,107276.1,107490.123,0.000798375,7.0,107304.067327
BTC/USD,2025-06-29 00:30:00+00:00,107467.673,107570.1,107428.01,107501.8,0.0056999,5.0,107559.411074
BTC/USD,2025-06-29 01:00:00+00:00,107515.6,107515.6,107434.65,107434.65,6.1003e-05,1.0,107515.6
BTC/USD,2025-06-29 01:30:00+00:00,107515.6,107515.6,107343.815,107343.815,0.000188618,1.0,107515.6
BTC/USD,2025-06-29 02:00:00+00:00,107298.6725,107344.935,107216.7,107260.585,0.000410237,3.0,107249.035996
BTC/USD,2025-06-29 02:30:00+00:00,107330.106,107366.1,107330.106,107366.1,0.0,0.0,107330.106
BTC/USD,2025-06-29 03:00:00+00:00,107328.805,107328.805,107328.805,107328.805,0.0,0.0,107328.805
BTC/USD,2025-06-29 03:30:00+00:00,107263.31,107328.805,107263.31,107264.9,0.001888535,1.0,107263.31
BTC/USD,2025-06-29 04:00:00+00:00,107298.674,107298.674,107243.818,107283.4175,5.586e-05,1.0,107243.818
BTC/USD,2025-06-29 04:30:00+00:00,107370.349,107370.349,107279.095,107279.095,0.000449698,1.0,107370.349
BTC/USD,2025-06-29 05:00:00+00:00,107369.3,107369.3,107279.095,107309.92,0.035976252,1.0,107369.3
BTC/USD,2025-06-29 05:30:00+00:00,107352.323,107352.323,107352.323,107352.323,0.0,0.0,107352.323
BTC/USD,2025-06-29 06:00:00+00:00,107408.046,107408.046,107352.323,107377.88,4.9837e-05,1.0,107408.046
BTC/USD,2025-06-29 06:30:00+00:00,107476.76,107476.76,107369.325,107443.7,0.010332831,1.0,107476.76
BTC/USD,2025-06-29 07:00:00+00:00,107515.6,107520.745,107379.3,107380.35,0.000639642,3.0,107435.866748
BTC/USD,2025-06-29 07:30:00+00:00,107427.165,107427.165,107427.165,107427.165,0.0,0.0,107427.165
BTC/USD,2025-06-29 08:00:00+00:00,107488.5565,107488.5565,107433.6,107451.786,0.0,0.0,107488.5565
BTC/USD,2025-06-29 08:30:00+00:00,107488.6,107713.725,107451.786,107658.875,0.000653783,4.0,107566.849825
BTC/USD,2025-06-29 09:00:00+00:00,107677.2,107848.92,107652.595,107808.4,0.011314211,4.0,107779.262682
BTC/USD,2025-06-29 09:30:00+00:00,107783.4,108001.45,107783.4,107922.2545,0.000446,2.0,107828.243049
BTC/USD,2025-06-29 10:00:00+00:00,107885.0075,108377.487,107847.715,108215.3,0.009175281,12.0,108153.258229
BTC/USD,2025-06-29 10:30:00+00:00,108180.1,108229.6345,107949.4,108153.9075,0.000745312,2.0,108041.191731
BTC/USD,2025-06-29 11:00:00+00:00,108223.815,108258.34,108147.9775,108194.265,0.002135104,4.0,108249.799152
BTC/USD,2025-06-29 11:30:00+00:00,108263.66,108456.0,108179.39,108451.9,0.000382204,4.0,108391.317391
BTC/USD,2025-06-29 12:00:00+00:00,108491.615,108491.615,108186.11,108270.557,0.007412436,8.0,108196.658643
BTC/USD,2025-06-29 12:30:00+00:00,108335.514,108335.514,108065.255,108194.207,0.000254179,3.0,108287.041271
BTC/USD,2025-06-29 13:00:00+00:00,108268.906,108268.906,108131.295,108131.295,0.018482092,4.0,108221.220061
BTC/USD,2025-06-29 13:30:00+00:00,108212.4,108212.4,108073.0095,108092.9235,4.9557e-05,1.0,108212.4
BTC/USD,2025-06-29 14:00:00+00:00,108161.704,108229.572,108092.9235,108127.9,0.000339953,2.0,108174.253309
BTC/USD,2025-06-29 14:30:00+00:00,108060.1,108127.9,107816.7295,107982.947,0.00040209,1.0,108060.1
BTC/USD,2025-06-29 15:00:00+00:00,107896.865,108048.434,107840.8,107959.0,0.000882241,2.0,107912.030605
BTC/USD,2025-06-29 15:30:00+00:00,107931.0655,108036.972,107688.14,107794.92,0.005893847,2.0,107906.283165
BTC/USD,2025-06-29 16:00:00+00:00,107861.24,107922.31,107507.155,107539.32,0.001154478,5.0,107904.398758
BTC/USD,2025-06-29 16:30:00+00:00,107541.619,107649.8,107380.682,107578.7985,0.0,0.0,107541.619
BTC/USD,2025-06-29 17:00:00+00:00,107582.79,107656.1,107425.305,107425.305,0.013372313,4.0,107529.22597
BTC/USD,2025-06-29 17:30:00+00:00,107435.215,107572.8,107343.95,107558.15,0.00017954,1.0,107572.8
BTC/USD,2025-06-29 18:00:00+00:00,107570.48,107738.37,107454.507,107654.95,0.001344487,1.0,107738.37
BTC/USD,2025-06-29 18:30:00+00:00,107647.0535,107740.794,107600.16,107681.955,0.013355784,3.0,107656.54315
BTC/USD,2025-06-29 19:00:00+00:00,107648.1995,107715.412,107528.4765,107569.765,1.6259e-05,1.0,107715.412
BTC/USD,2025-06-29 19:30:00+00:00,107546.425,107596.94,107355.6,107442.272,0.047531844,58.0,107429.267505
BTC/USD,2025-06-29 20:00:00+00:00,107420.82,107512.4,107420.82,107512.4,0.010470075,1.0,107426.11
BTC/USD,2025-06-29 20:30:00+00:00,107475.445,107538.407,107397.1155,107397.1155,0.000448995,1.0,107538.407
BTC/USD,2025-06-29 21:00:00+00:00,107349.4,107608.1485,107303.8335,107587.165,0.008778,1.0,107422.59
BTC/USD,2025-06-29 21:30:00+00:00,107573.5465,107765.38,107501.545,107592.3,9.2794e-05,1.0,107765.38
BTC/USD,2025-06-29 22:00:00+00:00,107631.535,108037.73,107631.535,108037.73,9.2562e-05,1.0,107961.4
BTC/USD,2025-06-29 22:30:00+00:00,108095.2965,108264.057,107874.974,108117.765,0.000419548,2.0,108216.536573
BTC/USD,2025-06-29 23:00:00+00:00,108171.209,108457.105,108057.44,108457.105,0.002,1.0,108285.0
BTC/USD,2025-06-29 23:30:00+00:00,108418.04,108444.2,108317.705,108407.393,0.009045117,2.0,108441.154158
BTC/USD,2025-06-30 00:00:00+00:00,108480.976,108778.24,108310.62,108678.06,0.018493218,12.0,108494.153509
BTC/USD,2025-06-30 00:30:00+00:00,108631.6285,108820.478,108631.6285,108732.756,0.00081176,2.0,108690.497275
BTC/USD,2025-06-30 01:00:00+00:00,108746.077,108797.21,108451.436,108698.9,0.00124186,5.0,108594.510906
BTC/USD,2025-06-30 01:30:00+00:00,108788.16,108872.7,108579.74,108579.74,0.0003314,3.0,108736.822142
BTC/USD,2025-06-30 02:00:00+00:00,108581.99,108650.525,108521.146,108622.4,0.0008,2.0,108579.8
BTC/USD,2025-06-30 02:30:00+00:00,108671.8225,108721.2,108502.492,108502.492,0.000177644,1.0,108721.2
BTC/USD,2025-06-30 03:00:00+00:00,108534.65,108641.275,108462.76,108515.175,0.0,0.0,108534.65
BTC/USD,2025-06-30 03:30:00+00:00,108577.3285,108577.3285,108577.3285,108577.3285,0.0,0.0,108577.3285
BTC/USD,2025-06-30 04:00:00+00:00,108584.705,108584.705,108488.255,108488.255,0.0,0.0,108584.705
BTC/USD,2025-06-30 04:30:00+00:00,108562.5,108562.5,108374.185,108374.185,0.002099277,2.0,108562.066949
BTC/USD,2025-06-30 05:00:00+00:00,108442.8,108442.8,108285.03,108347.436,0.020693904,3.0,108289.472022
BTC/USD,2025-06-30 05:30:00+00:00,108342.45,108342.45,108223.1855,108302.643,0.0,0.0,108306.95
BTC/USD,2025-06-30 06:00:00+00:00,108305.2,108334.7,108166.483,108166.483,0.0,0.0,108305.2
BTC/USD,2025-06-30 06:30:00+00:00,108193.5665,108210.0335,107563.47,107597.15,0.039042846,25.0,107717.973228
BTC/USD,2025-06-30 07:00:00+00:00,107696.5,107768.1925,107508.2,107768.1925,0.009001113,6.0,107528.024771
BTC/USD,2025-06-30 07:30:00+00:00,107718.365,107718.365,107576.6,107702.1355,0.048508429,1.0,107576.6
BTC/USD,2025-06-30 08:00:00+00:00,107633.115,107793.04,107491.1,107603.03,0.014171425,5.0,107693.610999
BTC/USD,2025-06-30 08:30:00+00:00,107676.08,107701.99,107485.351,107485.351,0.003168224,2.0,107701.225284
BTC/USD,2025-06-30 09:00:00+00:00,107399.345,107718.9645,107399.345,107684.2945,0.026605162,4.0,107439.781815
BTC/USD,2025-06-30 09:30:00+00:00,107719.2555,107719.2555,107497.8895,107497.8895,0.0,0.0,107719.2555
BTC/USD,2025-06-30 10:00:00+00:00,107550.45,107550.45,107440.4865,107529.735,0.004491602,1.0,107499.073
BTC/USD,2025-06-30 10:30:00+00:00,107574.085,108100.0,107574.085,107657.875,0.004101545,2.0,107701.715132
BTC/USD,2025-06-30 11:00:00+00:00,107672.1395,107938.5,107634.8,107875.845,0.0,0.0,107665.34925
BTC/USD,2025-06-30 11:30:00+00:00,107894.45,107894.45,107656.889,107656.889,0.0,0.0,107894.45
BTC/USD,2025-06-30 12:00:00+00:00,107718.13,107823.695,107624.57,107761.5,0.02947317,3.0,107668.34237
BTC/USD,2025-06-30 12:30:00+00:00,107679.8795,107697.402,107628.0225,107628.0225,0.0,0.0,107679.8795
BTC/USD,2025-06-30 13:00:00+00:00,107690.0885,107909.0,107640.564,107843.475,0.042895753,10.0,107720.462323
BTC/USD,2025-06-30 13:30:00+00:00,107761.4,107861.66,107536.2,107536.4315,0.119764981,11.0,107743.666178
BTC/USD,2025-06-30 14:00:00+00:00,107613.788,107636.725,107237.155,107327.471,0.036631162,13.0,107491.934975
BTC/USD,2025-06-30 14:30:00+00:00,107266.4,107497.439,106813.4965,106823.821,0.570206759,191.0,106994.336798
BTC/USD,2025-06-30 15:00:00+00:00,106875.99,107219.554,106782.7075,107219.554,0.074362464,22.0,106935.156593
BTC/USD,2025-06-30 15:30:00+00:00,107260.056,107834.7445,107120.235,107587.15,0.096629119,6.0,107419.167043
BTC/USD,2025-06-30 16:00:00+00:00,107656.6,107840.6865,107359.5565,107376.259,0.136005488,13.0,107570.072096
BTC/USD,2025-06-30 16:30:00+00:00,107407.011,107767.63,107394.225,107642.205,0.007064344,11.0,107540.485062
BTC/USD,2025-06-30 17:00:00+00:00,107580.41,107742.223,107538.538,107742.223,0.013263119,20.0,107656.205441
BTC/USD,2025-06-30 17:30:00+00:00,107713.5,107805.1125,107450.746,107475.26,0.111463721,8.0,107487.703336
BTC/USD,2025-06-30 18:00:00+00:00,107531.2595,107711.005,107316.91,107316.91,0.205015486,16.0,107377.457242
BTC/USD,2025-06-30 18:30:00+00:00,107294.1,107350.0,107190.203,107263.935,0.096298124,8.0,107266.695687
BTC/USD,2025-06-30 19:00:00+00:00,107347.65,107559.095,107263.935,107559.095,0.000842791,3.0,107343.934815
BTC/USD,2025-06-30 19:30:00+00:00,107535.135,107774.3065,107379.578,107774.3065,0.267321271,92.0,107517.601578
BTC/USD,2025-06-30 20:00:00+00:00,107750.315,107750.315,107513.794,107614.565,0.068328714,4.0,107702.160553
BTC/USD,2025-06-30 20:30:00+00:00,107694.7,107707.9,107572.1485,107572.1485,0.004582387,7.0,107675.037485
BTC/USD,2025-06-30 21:00:00+00:00,107554.154,107613.22,107370.795,107370.795,0.004905765,12.0,107511.48895
BTC/USD,2025-06-30 21:30:00+00:00,107372.1325,107471.2,106968.965,107167.35,0.002951422,9.0,107384.0192
BTC/USD,2025-06-30 22:00:00+00:00,107128.7545,107344.5,107062.81,107311.28,0.027317115,4.0,107196.817503
BTC/USD,2025-06-30 22:30:00+00:00,107299.35,107307.77,107107.99,107112.565,0.000428672,4.0,107225.294288
BTC/USD,2025-06-30 23:00:00+00:00,107198.8,107355.384,107084.781,107178.31,0.001685304,4.0,107324.648665
BTC/USD,2025-06-30 23:30:00+00:00,107251.99,107251.99,107080.15,107157.0835,0.00056002,5.0,107199.97612
BTC/USD,2025-07-01 00:00:00+00:00,107087.241,107434.17,107087.241,107228.1455,0.00509941,2.0,107091.401
BTC/USD,2025-07-01 00:30:00+00:00,107128.095,107363.135,107074.505,107363.135,0.00022381,2.0,107326.259565
BTC/USD,2025-07-01 01:00:00+00:00,107449.455,107543.404,107357.45,107462.171,0.0,0.0,107449.455
BTC/USD,2025-07-01 01:30:00+00:00,107394.4035,107577.8,107211.8525,107239.265,0.00044719,4.0,107424.664192
BTC/USD,2025-07-01 02:00:00+00:00,107314.363,107369.96,107261.95,107353.263,0.0,0.0,107314.363
BTC/USD,2025-07-01 02:30:00+00:00,107411.7805,107463.1,107154.953,107158.364,0.001849918,2.0,107342.012432
BTC/USD,2025-07-01 03:00:00+00:00,107078.735,107195.9725,107078.735,107195.9725,0.0,0.0,107110.9525
BTC/USD,2025-07-01 03:30:00+00:00,107144.2955,107214.15,107144.2955,107195.565,0.00175638,1.0,107214.15
BTC/USD,2025-07-01 04:00:00+00:00,107230.0025,107318.205,107109.65,107110.314,0.018707384,2.0,107267.58809
BTC/USD,2025-07-01 04:30:00+00:00,107127.901,107127.901,106874.2,106915.55,0.003623344,1.0,106874.2
BTC/USD,2025-07-01 05:00:00+00:00,106970.35,106970.35,106807.265,106812.349,0.02,1.0,106970.35
BTC/USD,2025-07-01 05:30:00+00:00,106858.155,107017.55,106817.1455,106945.389,0.001082873,2.0,107013.674971
BTC/USD,2025-07-01 06:00:00+00:00,106872.03,106971.622,106796.28,106835.63,0.007489651,5.0,106890.138548
BTC/USD,2025-07-01 06:30:00+00:00,106856.645,106903.5765,106856.645,106903.5765,0.0,0.0,106856.645
BTC/USD,2025-07-01 07:00:00+00:00,106940.23,107000.661,106662.25,106793.7935,0.005390909,3.0,106871.250887
BTC/USD,2025-07-01 07:30:00+00:00,107044.5265,107216.7285,106969.278,107216.7285,0.022897713,1.0,107040.4
BTC/USD,2025-07-01 08:00:00+00:00,107181.935,107181.935,106968.95,106968.95,0.0,0.0,107181.935
BTC/USD,2025-07-01 08:30:00+00:00,107027.46,107027.46,106740.5345,106764.995,0.000315797,1.0,107027.46
BTC/USD,2025-07-01 09:00:00+00:00,106837.29,106893.47,106579.5,106711.675,0.002410825,3.0,106605.942299
BTC/USD,2025-07-01 09:30:00+00:00,106632.888,106632.888,106520.8525,106581.119,0.010024061,2.0,106606.219685
BTC/USD,2025-07-01 10:00:00+00:00,106629.7035,106639.2,106443.955,106501.176,0.000290781,3.0,106574.418173
BTC/USD,2025-07-01 10:30:00+00:00,106474.5,106503.29,106351.0332512315,106464.24,0.0,0.0,106474.5
BTC/USD,2025-07-01 11:00:00+00:00,106523.45,106573.281,106355.7332512315,106515.665,0.005845707,3.0,106551.263879
BTC/USD,2025-07-01 11:30:00+00:00,106542.28,106703.582,106510.2605,106598.6755,0.002237188,3.0,106657.682994
BTC/USD,2025-07-01 12:00:00+00:00,106678.249,106781.15,106430.295,106430.295,0.049123773,6.0,106643.793805
BTC/USD,2025-07-01 12:30:00+00:00,106471.7,106544.9535,106430.295,106471.2675,2.7624e-05,1.0,106471.7
BTC/USD,2025-07-01 13:00:00+00:00,106546.335,106657.305,106415.722,106657.305,0.000366038,3.0,106537.817942
BTC/USD,2025-07-01 13:30:00+00:00,106695.445,106927.35,106344.5832512315,106848.2045,0.006406814,6.0,106825.682742
BTC/USD,2025-07-01 14:00:00+00:00,106903.6,107230.848,106551.9535,106551.9535,0.003052826,9.0,107077.991071
BTC/USD,2025-07-01 14:30:00+00:00,106600.475,106697.85,105756.88,105942.56,0.010113097,11.0,106173.199236
BTC/USD,2025-07-01 15:00:00+00:00,105857.0045,106087.239,105699.0,106031.7135,0.009009499,5.0,105862.37968
BTC/USD,2025-07-01 15:30:00+00:00,106072.878,106234.1245,105893.38,106016.82,0.010256915,3.0,106054.822637
BTC/USD,2025-07-01 16:00:00+00:00,106092.2,106290.25,105916.75,106235.8635,0.016333609,13.0,106184.384567
BTC/USD,2025-07-01 16:30:00+00:00,106167.4705,106250.912,106007.2685,106136.4,0.004080987,2.0,106243.49872
BTC/USD,2025-07-01 17:00:00+00:00,106064.05,106327.0575,105943.35,106279.175,0.002517744,3.0,106154.30561
BTC/USD,2025-07-01 17:30:00+00:00,106234.9905,106374.3,106127.92,106278.317,0.001362495,2.0,106314.412694
BTC/USD,2025-07-01 18:00:00+00:00,106222.914,106278.317,105869.905,105869.905,0.005116376,5.0,106126.678513
BTC/USD,2025-07-01 18:30:00+00:00,105953.5365,105956.88,105760.45,105806.635,0.03950055,4.0,105857.449377
BTC/USD,2025-07-01 19:00:00+00:00,105764.02,105791.495,105494.658,105791.495,0.004886891,3.0,105676.761067
BTC/USD,2025-07-01 19:30:00+00:00,105751.938,105806.941,105441.89,105466.995105911,0.048858406,72.0,105604.154089
BTC/USD,2025-07-01 20:00:00+00:00,105427.559605911,105726.23,105277.2505,105655.471,0.042654198,7.0,105414.710513
BTC/USD,2025-07-01 20:30:00+00:00,105655.87,105993.0025,105655.87,105950.66,0.002739549,1.0,105749.475
BTC/USD,2025-07-01 21:00:00+00:00,105890.055,106104.725,105773.53,105974.445,0.008350243,2.0,106018.626589
BTC/USD,2025-07-01 21:30:00+00:00,105971.5945,105985.919,105752.715,105752.715,9.258e-06,1.0,105890.525
BTC/USD,2025-07-01 22:00:00+00:00,105745.655,105921.8585,105745.655,105747.27,0.0,0.0,105745.655
BTC/USD,2025-07-01 22:30:00+00:00,105629.583,105869.2,105629.583,105667.7085,0.00018243,1.0,105869.2
BTC/USD,2025-07-01 23:00:00+00:00,105594.219,105620.0,105385.725,105577.755,0.0004,1.0,105620.0
BTC/USD,2025-07-01 23:30:00+00:00,105491.25,105712.2935,105474.838,105712.2935,0.0,0.0,105483.044
BTC/USD,2025-07-02 00:00:00+00:00,105780.975,105808.325,105652.2635,105652.2635,0.0,0.0,105736.5575
BTC/USD,2025-07-02 00:30:00+00:00,105697.1925,105697.1925,105409.2555,105415.23,0.004868183,3.0,105668.08666
BTC/USD,2025-07-02 01:00:00+00:00,105356.16,105731.02,105135.6,105606.926,0.005071459,9.0,105389.093415
BTC/USD,2025-07-02 01:30:00+00:00,105664.159,105872.9,105539.6,105689.9155,0.001789,13.0,105685.268399
BTC/USD,2025-07-02 02:00:00+00:00,105763.65,105763.65,105545.6235,105695.41,0.000505862,1.0,105758.077
BTC/USD,2025-07-02 02:30:00+00:00,105690.5745,105690.5745,105690.5745,105690.5745,0.0,0.0,105690.5745
