underlying_symbol,expiration_date,option_type,strike_price,implied_volatility,greeks,trade_time,trade_price,trade_size,quote_time,bid_price,bid_size,ask_price,ask_size
AVGO,2025-06-20,C,41.0,,,2025-06-11 13:41:39.152149+00:00,208.6,1.0,2025-06-13 19:59:59.015575+00:00,208.01,3.0,212.75,5.0
AVGO,2025-06-20,C,42.0,,,2025-06-13 14:52:37.872533+00:00,210.219,1.0,2025-06-13 19:59:58.641514+00:00,201.43,55.0,209.119,5.0
AVGO,2025-06-20,C,43.0,,,2025-06-13 14:52:37.872533+00:00,211.63,1.0,2025-06-13 19:59:58.643032+00:00,204.94,54.0,210.66,5.0
AVGO,2025-06-20,C,44.0,,,2025-03-31 19:12:45.770412+00:00,122.75,2.0,2025-06-13 19:59:58.715556+00:00,199.64,7.0,203.88,5.0
AVGO,2025-06-20,C,45.0,,,2025-05-29 15:57:33.991427+00:00,196.28,1.0,2025-06-13 19:59:58.715605+00:00,198.98,6.0,205.49,5.0
AVGO,2025-06-20,C,46.0,,,2025-05-12 15:02:51.338332+00:00,171.0,5.0,2025-06-13 19:59:58.715520+00:00,197.91,5.0,205.28,5.0
AVGO,2025-06-20,C,47.0,,,2025-03-31 19:07:11.763382+00:00,119.43,5.0,2025-06-13 19:59:58.715911+00:00,201.65,5.0,205.69,5.0
AVGO,2025-06-20,C,48.0,,,2025-05-14 19:55:01.014586+00:00,187.16,2.0,2025-06-13 19:59:58.892441+00:00,200.0,11.0,205.33,11.0
AVGO,2025-06-20,C,49.0,,,2025-05-14 19:55:01.014596+00:00,184.04,1.0,2025-06-13 19:59:58.934451+00:00,196.14,7.0,199.64,6.0
AVGO,2025-06-20,C,50.0,,,2025-06-09 13:45:21.103696+00:00,194.0,3.0,2025-06-13 19:59:58.637644+00:00,196.62,9.0,199.85,16.0
AVGO,2025-06-20,C,51.0,,,2025-04-07 15:15:20.017930+00:00,98.05,1.0,2025-06-13 19:59:58.896537+00:00,196.19,11.0,199.22,11.0
AVGO,2025-06-20,C,52.0,,,2025-04-29 19:55:01.081582+00:00,140.96,2.0,2025-06-13 19:59:58.641950+00:00,196.71,7.0,200.96,5.0
AVGO,2025-06-20,C,53.0,,,2025-04-07 19:46:20.446977+00:00,100.4,1.0,2025-06-13 19:59:58.897689+00:00,193.49,5.0,193.79,11.0
AVGO,2025-06-20,C,54.0,,,2025-04-04 13:31:44.028038+00:00,91.38,1.0,2025-06-13 19:59:58.641901+00:00,192.79,12.0,196.85,12.0
AVGO,2025-06-20,C,55.0,,,2025-04-23 18:47:06.862347+00:00,123.22,3.0,2025-06-13 19:59:58.642938+00:00,194.11,9.0,195.04,7.0
AVGO,2025-06-20,C,56.0,,,2025-04-01 16:37:38.835123+00:00,111.92,2.0,2025-06-13 19:59:58.641850+00:00,191.39,5.0,192.98,7.0
AVGO,2025-06-20,C,57.0,,,2025-06-09 13:57:23.267664+00:00,189.5,6.0,2025-06-13 19:59:58.639665+00:00,192.89,15.0,193.26,8.0
AVGO,2025-06-20,C,58.0,,,2025-04-01 14:55:50.336198+00:00,108.43,2.0,2025-06-13 19:59:58.642050+00:00,185.87,11.0,191.19,11.0
AVGO,2025-06-20,C,59.0,,,2025-06-05 16:54:54.115690+00:00,205.78,10.0,2025-06-13 19:59:58.643654+00:00,189.61,4.0,192.21,5.0
AVGO,2025-06-20,C,60.0,,,2025-06-12 15:05:01.348328+00:00,195.75,1.0,2025-06-13 19:59:59.756304+00:00,186.0,158.0,187.48,150.0
AVGO,2025-06-20,C,61.0,,,2025-04-29 19:55:01.056838+00:00,131.28,2.0,2025-06-13 19:59:58.716537+00:00,184.33,5.0,191.0,12.0
AVGO,2025-06-20,C,62.0,,,2025-05-28 19:55:00.077314+00:00,176.97,1.0,2025-06-13 19:59:58.716337+00:00,184.62,4.0,187.11,12.0
AVGO,2025-06-20,C,63.0,,,2025-04-01 18:02:30.837928+00:00,103.93,2.0,2025-06-13 19:59:58.642737+00:00,183.1,5.0,187.44,5.0
AVGO,2025-06-20,C,64.0,,,2025-04-22 16:14:13.753158+00:00,106.21,20.0,2025-06-13 19:59:58.641614+00:00,181.47,5.0,184.26,7.0
AVGO,2025-06-20,C,65.0,,,2025-05-15 18:19:07.187532+00:00,169.41,1.0,2025-06-13 19:59:58.642882+00:00,182.15,5.0,183.39,7.0
AVGO,2025-06-20,C,66.0,,,2025-04-01 16:27:15.837829+00:00,101.6,2.0,2025-06-13 19:59:58.640647+00:00,177.71,5.0,186.88,12.0
AVGO,2025-06-20,C,67.0,,,2025-05-27 19:50:00.042724+00:00,167.45,1.0,2025-06-13 19:59:58.643243+00:00,181.73,4.0,184.57,4.0
AVGO,2025-06-20,C,68.0,,,2025-04-01 16:10:43.406612+00:00,101.84,2.0,2025-06-13 19:59:58.641013+00:00,180.68,5.0,181.58,5.0
AVGO,2025-06-20,C,69.0,,,2025-04-01 14:49:08.905227+00:00,97.56,1.0,2025-06-13 19:59:58.643443+00:00,178.61,4.0,184.4,4.0
AVGO,2025-06-20,C,70.0,,,2025-06-06 19:50:00.036248+00:00,175.36,1.0,2025-06-13 19:59:58.641313+00:00,177.44,5.0,183.04,5.0
AVGO,2025-06-20,C,71.0,,,2025-05-29 19:55:00.002402+00:00,173.3,1.0,2025-06-13 19:59:58.643995+00:00,177.09,7.0,177.5,7.0
AVGO,2025-06-20,C,72.0,,,2025-04-01 16:19:29.184335+00:00,97.36,2.0,2025-06-13 19:59:58.640543+00:00,173.76,5.0,180.83,5.0
AVGO,2025-06-20,C,73.0,,,2025-04-01 16:19:31.200732+00:00,96.37,2.0,2025-06-13 19:59:58.645919+00:00,176.34,8.0,179.41,5.0
AVGO,2025-06-20,C,74.0,,,2025-04-21 13:37:43.913346+00:00,93.83,1.0,2025-06-13 19:59:58.641413+00:00,172.35,8.0,174.08,12.0
AVGO,2025-06-20,C,75.0,,,2025-05-29 17:02:05.967895+00:00,164.95,1.0,2025-06-13 19:59:58.643088+00:00,172.56,7.0,175.92,8.0
AVGO,2025-06-20,C,76.0,,,2025-06-02 15:03:53.369658+00:00,170.21,1.0,2025-06-13 19:59:58.640747+00:00,173.08,7.0,175.73,8.0
AVGO,2025-06-20,C,77.0,,,2025-06-06 16:17:42.741974+00:00,173.54,4.0,2025-06-13 19:59:58.643945+00:00,169.92,5.0,172.57,12.0
AVGO,2025-06-20,C,78.0,,,2025-06-06 16:27:34.468750+00:00,173.03,1.0,2025-06-13 19:59:58.640597+00:00,166.67,5.0,169.77,5.0
AVGO,2025-06-20,C,79.0,,,2025-04-23 18:47:06.851852+00:00,100.22,1.0,2025-06-13 19:59:58.643844+00:00,165.26,5.0,170.26,4.0
AVGO,2025-06-20,C,80.0,,,2025-06-13 14:36:14.536459+00:00,173.42,1.0,2025-06-13 19:59:59.019780+00:00,170.06,101.0,172.56,101.0
AVGO,2025-06-20,C,81.0,,,2025-06-06 19:55:00.013773+00:00,168.46,1.0,2025-06-13 19:59:58.643699+00:00,166.67,4.0,169.49,6.0
AVGO,2025-06-20,C,82.0,,,2025-06-02 17:43:16.533947+00:00,168.48,100.0,2025-06-13 19:59:58.715811+00:00,166.14,7.0,169.86,7.0
AVGO,2025-06-20,C,83.0,,,2025-06-02 17:34:10.194391+00:00,166.35,100.0,2025-06-13 19:59:58.715356+00:00,161.2,7.0,164.99,7.0
AVGO,2025-06-20,C,84.0,,,2025-06-12 19:54:40.060624+00:00,171.25,1.0,2025-06-13 19:59:59.027228+00:00,165.69,101.0,167.43,101.0
AVGO,2025-06-20,C,85.0,,,2025-06-11 19:54:21.541305+00:00,165.72,1.0,2025-06-13 19:59:58.646170+00:00,163.65,8.0,166.1,4.0
AVGO,2025-06-20,C,86.0,,,2025-06-06 19:55:00.029650+00:00,161.55,1.0,2025-06-13 19:59:58.641113+00:00,162.62,51.0,165.07,7.0
AVGO,2025-06-20,C,87.0,,,2025-03-31 15:47:52.278415+00:00,79.02,10.0,2025-06-13 19:59:58.646371+00:00,163.47,8.0,166.16,4.0
AVGO,2025-06-20,C,88.0,,,2025-05-29 16:57:30.718414+00:00,154.5,1.0,2025-06-13 19:59:58.640697+00:00,162.4,50.0,164.85,7.0
AVGO,2025-06-20,C,89.0,,,2025-06-10 18:11:35.394588+00:00,153.85,1.0,2025-06-13 19:59:59.756189+00:00,157.9,156.0,161.25,152.0
AVGO,2025-06-20,C,90.0,,,2025-06-13 19:21:28.259328+00:00,160.06,1.0,2025-06-13 19:59:58.525482+00:00,158.45,129.0,160.36,126.0
AVGO,2025-06-20,C,91.0,,,2025-06-10 19:21:21.260318+00:00,155.23,2.0,2025-06-13 19:59:58.646571+00:00,153.81,7.0,160.93,5.0
AVGO,2025-06-20,C,92.0,,,2025-06-06 19:50:00.061874+00:00,155.24,1.0,2025-06-13 19:59:58.640912+00:00,158.19,51.0,160.79,8.0
AVGO,2025-06-20,C,93.0,,,2025-06-10 19:35:00.559660+00:00,152.42,4.0,2025-06-13 19:59:58.715706+00:00,156.75,4.0,159.22,8.0
AVGO,2025-06-20,C,94.0,,,2025-05-29 19:55:00.003585+00:00,147.98,1.0,2025-06-13 19:59:58.715304+00:00,155.1,9.0,156.27,9.0
AVGO,2025-06-20,C,95.0,,,2025-06-04 16:49:53.925037+00:00,164.92,2.0,2025-06-13 19:59:58.715661+00:00,152.81,6.0,157.81,6.0
AVGO,2025-06-20,C,96.0,,,2025-05-12 17:39:54.218820+00:00,123.24,1.0,2025-06-13 19:59:58.715856+00:00,153.08,5.0,155.25,5.0
AVGO,2025-06-20,C,97.0,,,2024-08-01 14:07:28.517353+00:00,64.9,1.0,2025-06-13 19:59:58.716377+00:00,148.14,4.0,153.52,7.0
AVGO,2025-06-20,C,98.0,,,2025-05-28 19:55:00.080031+00:00,143.83,1.0,2025-06-13 19:59:58.941097+00:00,148.4,6.0,149.65,6.0
AVGO,2025-06-20,C,99.0,,,2025-06-05 18:16:50.740366+00:00,163.59,2.0,2025-06-13 19:59:58.644285+00:00,148.41,54.0,148.83,12.0
AVGO,2025-06-20,C,100.0,,,2025-06-10 18:19:26.774516+00:00,145.89,1.0,2025-06-13 19:59:58.641213+00:00,144.66,55.0,151.31,5.0
AVGO,2025-06-20,C,101.0,,,2025-06-05 15:42:46.487031+00:00,165.81,5.0,2025-06-13 19:59:58.941197+00:00,145.89,6.0,150.88,8.0
AVGO,2025-06-20,C,102.0,,,2025-06-10 19:44:57.109237+00:00,143.65,2.0,2025-06-13 19:59:59.015119+00:00,145.92,2.0,146.21,2.0
AVGO,2025-06-20,C,103.0,,,2025-06-05 13:31:30.303246+00:00,159.53,1.0,2025-06-13 19:59:59.626260+00:00,145.8,2.0,147.2,3.0
AVGO,2025-06-20,C,104.0,,,2025-06-09 17:55:42.884957+00:00,141.52,1.0,2025-06-13 19:59:59.015124+00:00,142.32,3.0,143.69,3.0
AVGO,2025-06-20,C,105.0,,,2025-06-06 19:50:00.097415+00:00,142.0,1.0,2025-06-13 19:59:57.819096+00:00,144.85,5.0,145.6,6.0
AVGO,2025-06-20,C,106.0,,,2025-06-06 19:50:00.097273+00:00,142.81,1.0,2025-06-13 19:59:59.015124+00:00,141.53,3.0,142.23,2.0
AVGO,2025-06-20,C,107.0,,,2025-04-04 19:00:01.541593+00:00,46.75,1.0,2025-06-13 19:59:58.670227+00:00,140.8,4.0,141.93,8.0
AVGO,2025-06-20,C,108.0,,,2025-05-01 15:12:42.612418+00:00,91.82,10.0,2025-06-13 19:59:58.722547+00:00,141.0,4.0,141.16,8.0
AVGO,2025-06-20,C,109.0,,,2025-04-11 18:22:19.455763+00:00,73.04,1.0,2025-06-13 19:59:58.722471+00:00,137.26,5.0,139.32,5.0
AVGO,2025-06-20,C,110.0,,,2025-06-05 19:35:12.133165+00:00,152.24,5.0,2025-06-13 19:59:58.093008+00:00,137.81,7.0,138.87,1.0
AVGO,2025-06-20,C,111.0,,,2025-05-28 19:55:00.079135+00:00,128.79,1.0,2025-06-13 19:59:58.093042+00:00,138.17,7.0,138.18,1.0
AVGO,2025-06-20,C,112.0,,,2025-05-16 14:57:56.227923+00:00,116.72,1.0,2025-06-13 19:59:57.829078+00:00,135.12,3.0,136.9,2.0
AVGO,2025-06-20,C,113.0,,,2025-04-23 13:43:02.615997+00:00,67.52,1.0,2025-06-13 19:59:58.721725+00:00,133.08,6.0,138.43,5.0
AVGO,2025-06-20,C,114.0,,,2025-06-06 13:33:59.944130+00:00,136.75,10.0,2025-06-13 19:59:58.722056+00:00,131.92,6.0,134.49,5.0
AVGO,2025-06-20,C,115.0,,,2025-06-13 19:47:53.917454+00:00,133.62,1.0,2025-06-13 19:59:59.626289+00:00,131.63,4.0,133.62,3.0
AVGO,2025-06-20,C,116.0,,,2025-06-04 19:45:52.837410+00:00,146.25,2.0,2025-06-13 19:59:59.015119+00:00,130.22,5.0,131.05,3.0
AVGO,2025-06-20,C,117.0,,,2025-06-06 13:37:54.085908+00:00,138.32,19.0,2025-06-13 19:59:58.374533+00:00,134.15,4.0,134.61,4.0
AVGO,2025-06-20,C,118.0,,,2025-06-03 19:55:00.019211+00:00,139.14,1.0,2025-06-13 19:59:57.830472+00:00,130.64,3.0,132.26,2.0
AVGO,2025-06-20,C,119.0,,,2025-04-22 16:18:19.860126+00:00,53.05,1.0,2025-06-13 19:59:59.573213+00:00,127.15,96.0,132.78,5.0
AVGO,2025-06-20,C,120.0,,,2025-06-12 14:07:26.601120+00:00,139.06,1.0,2025-06-13 19:59:59.508319+00:00,128.18,5.0,128.3,5.0
AVGO,2025-06-20,C,121.0,,,2025-04-03 19:25:22.025051+00:00,38.51,1.0,2025-06-13 19:59:58.721765+00:00,125.49,6.0,129.509,5.0
AVGO,2025-06-20,C,122.0,,,2025-06-06 19:50:00.097273+00:00,126.459,1.0,2025-06-13 19:59:57.830417+00:00,123.99,3.0,125.77,2.0
AVGO,2025-06-20,C,123.0,,,2025-04-16 19:11:13.230312+00:00,48.81,1.0,2025-06-13 19:59:57.830487+00:00,127.58,3.0,128.28,2.0
AVGO,2025-06-20,C,124.0,,,2025-04-21 14:40:18.370508+00:00,45.3,1.0,2025-06-13 19:59:59.015155+00:00,123.27,10.0,127.48,2.0
AVGO,2025-06-20,C,125.0,,,2025-06-05 19:10:09.234338+00:00,134.78,4.0,2025-06-13 19:59:59.015155+00:00,121.07,11.0,125.54,2.0
AVGO,2025-06-20,C,126.0,,,2025-04-23 19:54:32.870623+00:00,54.45,1.0,2025-06-13 19:59:59.015155+00:00,124.22,11.0,124.92,2.0
AVGO,2025-06-20,C,127.0,,,2025-04-17 16:11:27.501777+00:00,48.3,2.0,2025-06-13 19:59:58.670523+00:00,119.609,5.0,120.89,5.0
AVGO,2025-06-20,C,128.0,,,2025-06-13 18:15:36.859462+00:00,122.5,16.0,2025-06-13 19:59:57.996463+00:00,121.18,7.0,121.93,7.0
AVGO,2025-06-20,C,129.0,,,2025-04-17 18:22:13.984849+00:00,47.22,1.0,2025-06-13 19:59:57.543368+00:00,117.859,10.0,122.109,7.0
AVGO,2025-06-20,C,130.0,,,2025-06-13 18:34:07.435220+00:00,119.59,1.0,2025-06-13 19:59:58.890301+00:00,117.75,8.0,119.89,10.0
AVGO,2025-06-20,C,131.0,,,2025-06-06 19:50:00.036263+00:00,117.77,1.0,2025-06-13 19:59:57.541082+00:00,115.62,7.0,117.77,7.0
AVGO,2025-06-20,C,132.0,,,2025-06-09 14:10:39.399419+00:00,116.69,1.0,2025-06-13 19:59:59.015155+00:00,116.53,11.0,117.23,2.0
AVGO,2025-06-20,C,134.0,,,2025-06-12 17:16:10.454703+00:00,121.29,1.0,2025-06-13 19:59:58.336567+00:00,113.35,7.0,115.909,3.0
AVGO,2025-06-20,C,135.0,,,2025-06-06 13:31:31.511236+00:00,119.33,1.0,2025-06-13 19:59:57.819141+00:00,113.559,6.0,114.259,10.0
AVGO,2025-06-20,C,136.0,,,2025-06-03 17:51:13.169499+00:00,116.97,5.0,2025-06-13 19:59:57.830126+00:00,113.25,5.0,113.65,2.0
AVGO,2025-06-20,C,138.0,,,2025-06-06 15:17:55.892457+00:00,115.059,1.0,2025-06-13 19:59:59.012138+00:00,110.9,5.0,111.65,4.0
AVGO,2025-06-20,C,140.0,,,2025-06-13 16:19:10.769041+00:00,114.15,2.0,2025-06-13 19:59:58.987458+00:00,107.72,4.0,109.84,11.0
AVGO,2025-06-20,C,142.0,,,2025-06-13 15:31:44.616370+00:00,110.38,1.0,2025-06-13 19:59:59.251702+00:00,104.6,5.0,106.9,4.0
AVGO,2025-06-20,C,144.0,,,2025-06-11 18:15:00.354425+00:00,107.55,1.0,2025-06-13 19:59:58.987448+00:00,106.209,10.0,107.059,14.0
AVGO,2025-06-20,C,145.0,,,2025-06-13 18:34:27.768177+00:00,104.53,5.0,2025-06-13 19:59:59.626800+00:00,104.04,8.0,104.93,4.0
AVGO,2025-06-20,C,146.0,,,2025-06-10 17:38:04.070680+00:00,98.52,6.0,2025-06-13 19:59:59.013240+00:00,101.22,6.0,103.54,7.0
AVGO,2025-06-20,C,148.0,,,2025-06-12 15:28:44.033458+00:00,106.809,1.0,2025-06-13 19:59:59.512884+00:00,101.03,5.0,102.23,3.0
AVGO,2025-06-20,C,150.0,,,2025-06-13 16:51:43.423505+00:00,103.409,10.0,2025-06-13 19:59:59.011095+00:00,99.14,8.0,99.87,11.0
AVGO,2025-06-20,C,152.0,,,2025-06-13 19:47:53.932159+00:00,96.9,1.0,2025-06-13 19:59:59.283999+00:00,94.81,6.0,97.0,11.0
AVGO,2025-06-20,C,154.0,,,2025-06-12 16:38:54.504024+00:00,102.08,2.0,2025-06-13 19:59:59.378654+00:00,94.92,11.0,96.18,6.0
AVGO,2025-06-20,C,155.0,,,2025-06-11 18:54:03.023964+00:00,97.3,1.0,2025-06-13 19:59:59.234691+00:00,95.36,10.0,96.26,15.0
AVGO,2025-06-20,C,156.0,,,2025-06-13 13:50:52.884009+00:00,97.5,1.0,2025-06-13 19:59:58.113481+00:00,93.76,6.0,94.8,2.0
AVGO,2025-06-20,C,158.0,,,2025-06-12 15:18:40.678470+00:00,98.73,1.0,2025-06-13 19:59:59.008509+00:00,92.07,5.0,92.62,6.0
AVGO,2025-06-20,C,160.0,,,2025-06-13 19:25:21.601941+00:00,89.15,1.0,2025-06-13 19:59:59.378654+00:00,90.05,7.0,90.92,6.0
AVGO,2025-06-20,C,162.0,,,2025-06-13 18:38:38.006436+00:00,87.63,1.0,2025-06-13 19:59:57.877013+00:00,86.17,8.0,86.62,4.0
AVGO,2025-06-20,C,164.0,,,2025-06-13 19:47:54.051418+00:00,84.9,1.0,2025-06-13 19:59:59.883191+00:00,84.5,7.0,84.95,4.0
AVGO,2025-06-20,C,165.0,,,2025-06-13 18:32:20.863431+00:00,84.66,9.0,2025-06-13 19:59:59.959739+00:00,82.73,7.0,83.12,2.0
AVGO,2025-06-20,C,166.0,,,2025-06-13 19:54:40.138150+00:00,82.7,1.0,2025-06-13 19:59:59.961688+00:00,81.44,8.0,83.42,4.0
AVGO,2025-06-20,C,168.0,,,2025-06-13 18:45:15.548554+00:00,83.43,2.0,2025-06-13 19:59:59.961678+00:00,80.24,7.0,80.88,5.0
AVGO,2025-06-20,C,170.0,,,2025-06-13 15:25:01.169941+00:00,82.68,2.0,2025-06-13 19:59:57.819165+00:00,79.39,5.0,79.41,5.0
AVGO,2025-06-20,C,172.0,,,2025-06-13 19:47:53.911539+00:00,77.54,1.0,2025-06-13 19:59:58.287240+00:00,77.54,9.0,77.99,6.0
AVGO,2025-06-20,C,174.0,,,2025-06-13 15:36:30.561368+00:00,79.74,8.0,2025-06-13 19:59:58.261468+00:00,74.55,7.0,75.13,3.0
AVGO,2025-06-20,C,175.0,,,2025-06-13 19:56:32.555435+00:00,73.72,2.0,2025-06-13 19:59:59.958812+00:00,73.58,7.0,73.72,4.0
AVGO,2025-06-20,C,176.0,,,2025-06-13 15:26:17.699459+00:00,76.46,10.0,2025-06-13 19:59:59.909898+00:00,71.36,5.0,73.23,8.0
AVGO,2025-06-20,C,178.0,,,2025-06-13 14:32:35.752025+00:00,73.13,1.0,2025-06-13 19:59:59.998161+00:00,71.82,7.0,72.32,6.0
AVGO,2025-06-20,C,180.0,,,2025-06-13 19:59:44.118410+00:00,68.85,10.0,2025-06-13 19:59:59.923854+00:00,67.33,3.0,70.29,10.0
AVGO,2025-06-20,C,182.0,,,2025-06-13 19:37:51.677830+00:00,67.71,1.0,2025-06-13 19:59:59.402607+00:00,67.97,11.0,68.47,9.0
AVGO,2025-06-20,C,184.0,,,2025-06-13 18:05:03.464019+00:00,67.5,1.0,2025-06-13 19:59:58.822114+00:00,63.55,8.0,65.63,6.0
AVGO,2025-06-20,C,185.0,,,2025-06-13 17:21:03.966814+00:00,66.75,1.0,2025-06-13 19:59:59.205011+00:00,62.9,9.0,64.57,1.0
AVGO,2025-06-20,C,186.0,,,2025-06-13 18:40:09.582865+00:00,63.629,1.0,2025-06-13 19:59:58.411035+00:00,61.6,8.0,63.5,11.0
AVGO,2025-06-20,C,188.0,,,2025-06-13 19:55:00.135624+00:00,61.55,1.0,2025-06-13 19:59:59.998812+00:00,61.55,8.0,62.0,4.0
AVGO,2025-06-20,C,190.0,,,2025-06-13 19:47:14.715495+00:00,58.9,3.0,2025-06-13 19:59:58.826795+00:00,57.74,9.0,59.35,4.0
AVGO,2025-06-20,C,192.0,,,2025-06-12 13:33:24.579516+00:00,62.37,1.0,2025-06-13 19:59:59.066551+00:00,56.52,7.0,57.879,13.0
AVGO,2025-06-20,C,194.0,,,2025-06-11 17:38:38.383337+00:00,60.3,1.0,2025-06-13 19:59:59.961163+00:00,55.35,7.0,55.9,7.0
AVGO,2025-06-20,C,195.0,,,2025-06-13 19:55:00.135643+00:00,53.75,1.0,2025-06-13 19:59:59.503042+00:00,53.49,7.0,54.61,10.0
AVGO,2025-06-20,C,196.0,,,2025-06-13 19:50:00.032865+00:00,53.41,1.0,2025-06-13 19:59:59.800249+00:00,52.14,8.0,53.41,4.0
AVGO,2025-06-20,C,198.0,,,2025-06-13 19:47:53.916818+00:00,51.41,1.0,2025-06-13 19:59:59.961107+00:00,51.41,9.0,51.86,6.0
AVGO,2025-06-20,C,200.0,,,2025-06-13 19:57:29.519417+00:00,49.02,1.0,2025-06-13 19:59:59.146276+00:00,49.02,5.0,49.61,7.0
AVGO,2025-06-20,C,205.0,1.1276,delta=0.9375 gamma=0.0037 rho=0.0258 theta=-0.4257 vega=0.0358,2025-06-13 19:54:26.858923+00:00,44.52,10.0,2025-06-13 19:59:59.718359+00:00,44.52,7.0,44.98,2.0
AVGO,2025-06-20,C,207.5,0.8973,delta=0.9627 gamma=0.0031 rho=0.0271 theta=-0.2361 vega=0.0237,2025-06-13 18:26:14.911612+00:00,42.49,1.0,2025-06-13 19:59:58.659217+00:00,41.0,7.0,42.44,7.0
AVGO,2025-06-20,C,210.0,0.9065,delta=0.9508 gamma=0.0039 rho=0.027 theta=-0.292 vega=0.0296,2025-06-13 19:57:01.376116+00:00,39.13,1.0,2025-06-13 19:59:59.960052+00:00,39.13,8.0,39.63,5.0
AVGO,2025-06-20,C,212.5,0.7491,delta=0.9674 gamma=0.0033 rho=0.0279 theta=-0.1828 vega=0.0212,2025-06-13 19:52:38.021419+00:00,36.68,1.0,2025-06-13 19:59:59.962480+00:00,36.53,22.0,36.68,5.0
AVGO,2025-06-20,C,215.0,0.5316,delta=0.9914 gamma=0.0015 rho=0.0291 theta=-0.0614 vega=0.0068,2025-06-13 19:55:42.024562+00:00,33.8,1.0,2025-06-13 19:59:59.006178+00:00,33.15,6.0,34.58,4.0
AVGO,2025-06-20,C,217.5,0.7348,delta=0.9461 gamma=0.0051 rho=0.0279 theta=-0.2582 vega=0.0319,2025-06-13 19:26:52.166114+00:00,32.6,3.0,2025-06-13 19:59:59.958501+00:00,31.42,10.0,32.23,4.0
AVGO,2025-06-20,C,220.0,0.6887,delta=0.9416 gamma=0.0058 rho=0.0281 theta=-0.2579 vega=0.0339,2025-06-13 19:54:43.669330+00:00,29.21,3.0,2025-06-13 19:59:59.015240+00:00,29.21,5.0,29.47,2.0
AVGO,2025-06-20,C,222.5,0.5367,delta=0.965 gamma=0.0049 rho=0.0292 theta=-0.1458 vega=0.0225,2025-06-13 19:09:57.513476+00:00,27.0,1.0,2025-06-13 19:59:58.070218+00:00,25.98,10.0,27.11,2.0
AVGO,2025-06-20,C,225.0,0.4915,delta=0.9624 gamma=0.0057 rho=0.0295 theta=-0.1426 vega=0.0238,2025-06-13 19:54:40.146500+00:00,24.1,1.0,2025-06-13 19:59:59.663688+00:00,23.89,11.0,24.2,15.0
AVGO,2025-06-20,C,227.5,0.4081,delta=0.9714 gamma=0.0055 rho=0.0302 theta=-0.1037 vega=0.0191,2025-06-13 19:28:56.057086+00:00,21.69,3.0,2025-06-13 19:59:59.477004+00:00,20.97,34.0,21.95,8.0
AVGO,2025-06-20,C,230.0,0.5627,delta=0.8903 gamma=0.0115 rho=0.0276 theta=-0.3311 vega=0.0546,2025-06-13 19:42:34.903082+00:00,19.33,2.0,2025-06-13 19:59:59.506704+00:00,19.47,12.0,19.97,30.0
AVGO,2025-06-20,C,232.5,0.4728,delta=0.8953 gamma=0.0132 rho=0.0282 theta=-0.274 vega=0.0528,2025-06-13 18:47:08.570605+00:00,18.19,1.0,2025-06-13 19:59:59.801792+00:00,16.72,28.0,17.35,5.0
AVGO,2025-06-20,C,235.0,0.4288,delta=0.878 gamma=0.0162 rho=0.0279 theta=-0.2766 vega=0.0589,2025-06-13 19:58:49.564157+00:00,14.869,1.0,2025-06-13 19:59:59.957258+00:00,14.33,33.0,14.869,24.0
AVGO,2025-06-20,C,237.5,0.4264,delta=0.8314 gamma=0.0203 rho=0.0266 theta=-0.3354 vega=0.0733,2025-06-13 19:54:40.199768+00:00,12.55,24.0,2025-06-13 19:59:59.999348+00:00,12.17,38.0,12.78,10.0
AVGO,2025-06-20,C,240.0,0.4231,delta=0.7749 gamma=0.0244 rho=0.025 theta=-0.391 vega=0.0873,2025-06-13 19:58:31.118641+00:00,10.4,1.0,2025-06-13 19:59:59.808278+00:00,10.25,10.0,10.7,5.0
AVGO,2025-06-20,C,242.5,0.4139,delta=0.7112 gamma=0.0284 rho=0.0231 theta=-0.4314 vega=0.0994,2025-06-13 19:54:02.879631+00:00,8.61,1.0,2025-06-13 19:59:59.958792+00:00,8.53,5.0,8.61,3.0
AVGO,2025-06-20,C,245.0,0.406,delta=0.6372 gamma=0.0317 rho=0.0208 theta=-0.4612 vega=0.1092,2025-06-13 19:57:02.817499+00:00,6.8,1.0,2025-06-13 19:59:59.664575+00:00,6.72,5.0,6.97,6.0
AVGO,2025-06-20,C,247.5,0.4007,delta=0.5551 gamma=0.0339 rho=0.0182 theta=-0.4765 vega=0.115,2025-06-13 19:59:57.817381+00:00,5.35,1.0,2025-06-13 19:59:59.403614+00:00,5.2,11.0,5.48,2.0
AVGO,2025-06-20,C,250.0,0.3876,delta=0.4682 gamma=0.0352 rho=0.0154 theta=-0.4619 vega=0.1158,2025-06-13 19:59:48.376051+00:00,3.98,1.0,2025-06-13 19:59:59.440176+00:00,3.87,10.0,4.04,58.0
AVGO,2025-06-20,C,252.5,0.391,delta=0.3835 gamma=0.0335 rho=0.0127 theta=-0.4454 vega=0.1111,2025-06-13 19:59:58.473699+00:00,2.94,10.0,2025-06-13 19:59:58.865758+00:00,2.91,7.0,3.04,6.0
AVGO,2025-06-20,C,255.0,0.3822,delta=0.3 gamma=0.0313 rho=0.0099 theta=-0.3954 vega=0.1012,2025-06-13 19:59:52.517335+00:00,2.09,5.0,2025-06-13 19:59:59.406887+00:00,2.039,11.0,2.1,6.0
AVGO,2025-06-20,C,257.5,0.3837,delta=0.2299 gamma=0.0272 rho=0.0076 theta=-0.3456 vega=0.0884,2025-06-13 19:59:43.699307+00:00,1.44,2.0,2025-06-13 19:59:59.547852+00:00,1.43,7.0,1.49,7.0
AVGO,2025-06-20,C,260.0,0.3845,delta=0.1705 gamma=0.0226 rho=0.0057 theta=-0.2886 vega=0.0738,2025-06-13 19:59:56.858160+00:00,0.98,1.0,2025-06-13 19:59:59.608341+00:00,0.98,6.0,1.019,9.0
AVGO,2025-06-20,C,262.5,0.3868,delta=0.1235 gamma=0.0181 rho=0.0041 theta=-0.2333 vega=0.0594,2025-06-13 19:59:43.699311+00:00,0.65,2.0,2025-06-13 19:59:58.805415+00:00,0.65,13.0,0.7,10.0
AVGO,2025-06-20,C,265.0,0.3921,delta=0.0888 gamma=0.0141 rho=0.003 theta=-0.186 vega=0.0468,2025-06-13 19:59:28.124893+00:00,0.45,2.0,2025-06-13 19:59:59.782657+00:00,0.45,5.0,0.47,8.0
AVGO,2025-06-20,C,267.5,0.3974,delta=0.0629 gamma=0.0107 rho=0.0021 theta=-0.1447 vega=0.036,2025-06-13 19:59:19.599370+00:00,0.3,1.0,2025-06-13 19:59:59.043907+00:00,0.3,21.0,0.32,17.0
AVGO,2025-06-20,C,270.0,0.3981,delta=0.042 gamma=0.0077 rho=0.0014 theta=-0.1051 vega=0.0261,2025-06-13 19:59:45.243439+00:00,0.2,3.0,2025-06-13 19:59:59.664482+00:00,0.16,80.0,0.229,47.0
AVGO,2025-06-20,C,272.5,0.4145,delta=0.0323 gamma=0.006 rho=0.0011 theta=-0.0882 vega=0.0211,2025-06-13 19:59:30.893373+00:00,0.14,2.0,2025-06-13 19:59:59.218638+00:00,0.14,26.0,0.16,22.0
AVGO,2025-06-20,C,275.0,0.4169,delta=0.0215 gamma=0.0042 rho=0.0007 theta=-0.063 vega=0.015,2025-06-13 19:52:34.808978+00:00,0.1,2.0,2025-06-13 19:59:58.884734+00:00,0.06,30.0,0.13,108.0
AVGO,2025-06-20,C,277.5,0.4291,delta=0.016 gamma=0.0032 rho=0.0005 theta=-0.0503 vega=0.0116,2025-06-13 19:11:09.217881+00:00,0.07,1.0,2025-06-13 19:59:59.690537+00:00,0.04,11.0,0.1,49.0
AVGO,2025-06-20,C,280.0,0.4196,delta=0.0087 gamma=0.0019 rho=0.0003 theta=-0.0291 vega=0.0069,2025-06-13 19:56:09.067819+00:00,0.04,21.0,2025-06-13 19:59:59.510960+00:00,0.03,6.0,0.04,41.0
AVGO,2025-06-20,C,282.5,0.473,delta=0.0118 gamma=0.0022 rho=0.0004 theta=-0.0427 vega=0.0089,2025-06-13 18:11:57.176385+00:00,0.06,1.0,2025-06-13 19:59:59.626631+00:00,0.05,5.0,0.06,5.0
AVGO,2025-06-20,C,285.0,0.4318,delta=0.0039 gamma=0.0009 rho=0.0001 theta=-0.0147 vega=0.0034,2025-06-13 19:24:54.221211+00:00,0.02,4.0,2025-06-13 19:59:59.609890+00:00,0.01,13.0,0.02,27.0
AVGO,2025-06-20,C,287.5,0.5159,delta=0.0091 gamma=0.0016 rho=0.0003 theta=-0.0371 vega=0.0071,2025-06-13 19:33:57.721390+00:00,0.03,1.0,2025-06-13 19:59:59.412821+00:00,0.03,26.0,0.06,29.0
AVGO,2025-06-20,C,290.0,0.5351,delta=0.0079 gamma=0.0014 rho=0.0003 theta=-0.0341 vega=0.0063,2025-06-13 19:58:14.371449+00:00,0.03,11.0,2025-06-13 19:59:59.292003+00:00,0.03,65.0,0.05,192.0
AVGO,2025-06-20,C,292.5,,,2025-06-13 19:13:33.599482+00:00,0.02,4.0,2025-06-13 19:36:59.820978+00:00,0.0,0.0,0.01,7.0
AVGO,2025-06-20,C,295.0,,,2025-06-13 16:17:29.812201+00:00,0.03,1.0,2025-06-13 19:59:58.886808+00:00,0.0,0.0,0.05,59.0
AVGO,2025-06-20,C,297.5,,,2025-06-13 17:55:41.041256+00:00,0.02,39.0,2025-06-13 19:59:58.626177+00:00,0.0,0.0,0.01,20.0
AVGO,2025-06-20,C,300.0,0.5749,delta=0.003 gamma=0.0006 rho=0.0001 theta=-0.0155 vega=0.0027,2025-06-13 19:55:52.523279+00:00,0.02,3.0,2025-06-13 19:59:59.259351+00:00,0.01,51.0,0.02,14.0
AVGO,2025-06-20,C,305.0,,,2025-06-12 15:18:17.775551+00:00,0.07,1.0,2025-06-13 19:59:58.474766+00:00,0.0,0.0,0.04,35.0
AVGO,2025-06-20,C,310.0,0.6643,delta=0.0027 gamma=0.0004 rho=0.0001 theta=-0.0159 vega=0.0024,2025-06-13 16:41:08.335802+00:00,0.01,1.0,2025-06-13 19:59:59.634395+00:00,0.01,20.0,0.02,6.0
AVGO,2025-06-20,C,315.0,,,2025-06-10 14:40:16.644401+00:00,0.04,4.0,2025-06-13 19:59:59.831148+00:00,0.0,0.0,0.04,27.0
AVGO,2025-06-20,C,320.0,,,2025-06-13 17:05:57.100606+00:00,0.01,1.0,2025-06-13 19:59:59.639932+00:00,0.0,0.0,0.04,36.0
AVGO,2025-06-20,C,325.0,,,2025-06-10 14:39:58.314389+00:00,0.03,4.0,2025-06-13 19:59:58.895002+00:00,0.0,0.0,0.04,18.0
AVGO,2025-06-20,C,330.0,,,2025-06-13 14:33:36.111012+00:00,0.01,6.0,2025-06-13 19:59:58.679269+00:00,0.0,0.0,0.01,173.0
AVGO,2025-06-20,C,340.0,,,2025-06-13 14:33:26.078515+00:00,0.01,1.0,2025-06-13 19:19:03.936179+00:00,0.0,0.0,0.03,35.0
AVGO,2025-06-20,C,350.0,,,2025-06-13 14:27:29.344695+00:00,0.01,1.0,2025-06-13 19:59:59.581076+00:00,0.0,0.0,0.04,38.0
AVGO,2025-06-20,C,360.0,,,2025-06-11 18:53:21.320541+00:00,0.01,1.0,2025-06-13 19:59:59.412239+00:00,0.0,0.0,0.01,35.0
AVGO,2025-06-20,C,370.0,,,2025-06-13 13:30:02.048736+00:00,0.01,100.0,2025-06-13 19:59:59.434933+00:00,0.0,0.0,0.01,44.0
AVGO,2025-06-20,C,410.0,,,,,,2024-07-12 19:59:59.285022+00:00,1294.33,20.0,1306.31,21.0
AVGO,2025-06-20,C,420.0,,,,,,2024-07-12 19:59:59.624320+00:00,1301.45,21.0,1308.98,2.0
AVGO,2025-06-20,C,430.0,,,,,,2024-07-12 19:59:59.755352+00:00,1247.86,20.0,1276.04,21.0
AVGO,2025-06-20,C,440.0,,,,,,2024-07-12 19:59:59.755889+00:00,1258.2,20.0,1294.09,21.0
AVGO,2025-06-20,C,450.0,,,,,,2024-07-12 19:59:33.785436+00:00,1244.39,20.0,1276.81,26.0
AVGO,2025-06-20,C,460.0,,,2024-04-10 13:34:34.420599+00:00,871.29,1.0,2024-07-12 19:59:59.754921+00:00,1226.69,21.0,1261.08,2.0
AVGO,2025-06-20,C,470.0,,,2024-04-10 13:30:03.011213+00:00,862.69,2.0,2024-07-12 19:59:58.930604+00:00,1252.17,20.0,1270.07,18.0
AVGO,2025-06-20,C,480.0,,,,,,2024-07-12 19:59:59.754921+00:00,1198.47,18.0,1260.32,10.0
AVGO,2025-06-20,C,490.0,,,2024-04-10 13:34:34.420599+00:00,843.68,2.0,2024-07-12 19:59:59.555110+00:00,1218.37,20.0,1248.48,17.0
AVGO,2025-06-20,C,500.0,,,2024-04-18 16:06:01.143400+00:00,801.12,63.0,2024-07-12 19:59:33.782850+00:00,1196.18,17.0,1218.45,12.0
AVGO,2025-06-20,C,510.0,,,2024-04-10 13:30:03.011213+00:00,838.69,2.0,2024-07-12 19:59:59.554890+00:00,1194.37,11.0,1220.5,13.0
AVGO,2025-06-20,C,520.0,,,2024-04-10 13:34:34.420599+00:00,826.73,1.0,2024-07-12 19:59:59.757869+00:00,1174.63,16.0,1181.17,10.0
AVGO,2025-06-20,C,530.0,,,,,,2024-07-12 19:59:33.784048+00:00,1194.62,13.0,1212.52,18.0
AVGO,2025-06-20,C,540.0,,,,,,2024-07-12 19:59:33.783792+00:00,1153.84,14.0,1181.1,17.0
AVGO,2025-06-20,C,550.0,,,,,,2024-07-12 19:59:59.554890+00:00,1170.47,13.0,1186.47,14.0
AVGO,2025-06-20,C,560.0,,,,,,2024-07-12 19:59:58.712198+00:00,1155.7,14.0,1162.23,15.0
AVGO,2025-06-20,C,570.0,,,2024-06-13 15:41:32.366411+00:00,1138.0,1.0,2024-07-12 19:59:59.554985+00:00,1146.45,20.0,1168.1,14.0
AVGO,2025-06-20,C,580.0,,,,,,2024-07-12 19:59:59.789799+00:00,1115.29,10.0,1151.02,19.0
AVGO,2025-06-20,C,590.0,,,,,,2024-07-12 19:59:59.063278+00:00,1110.61,17.0,1127.66,2.0
AVGO,2025-06-20,C,600.0,,,2024-06-25 14:33:15.439413+00:00,998.06,1.0,2024-07-12 19:59:58.719896+00:00,1104.69,18.0,1145.62,3.0
AVGO,2025-06-20,C,610.0,,,2024-05-13 17:59:20.379466+00:00,744.83,1.0,2024-07-12 19:59:59.790160+00:00,1098.54,19.0,1119.49,14.0
AVGO,2025-06-20,C,620.0,,,,,,2024-07-12 19:59:59.555055+00:00,1089.36,13.0,1125.87,14.0
AVGO,2025-06-20,C,630.0,,,,,,2024-07-12 19:59:59.790807+00:00,1089.44,17.0,1115.02,14.0
AVGO,2025-06-20,C,640.0,,,,,,2024-07-12 19:59:59.554820+00:00,1052.02,12.0,1066.09,13.0
AVGO,2025-06-20,C,650.0,,,,,,2024-07-12 19:59:59.555035+00:00,1057.0,20.0,1088.24,13.0
AVGO,2025-06-20,C,660.0,,,2024-07-10 16:07:09.424839+00:00,1105.01,1.0,2024-07-12 19:59:59.554915+00:00,1042.58,10.0,1087.84,11.0
AVGO,2025-06-20,C,670.0,,,2024-05-13 13:58:40.817431+00:00,701.41,1.0,2024-07-12 19:59:59.554985+00:00,1037.01,11.0,1060.22,12.0
AVGO,2025-06-20,C,680.0,,,,,,2024-07-12 19:59:59.555055+00:00,1025.64,20.0,1032.8,11.0
AVGO,2025-06-20,C,690.0,,,2024-05-13 18:02:48.448417+00:00,672.12,1.0,2024-07-12 19:59:53.462748+00:00,1033.45,8.0,1052.39,10.0
AVGO,2025-06-20,C,700.0,,,2024-06-17 13:35:17.077953+00:00,1101.0,2.0,2024-07-12 19:59:59.555005+00:00,1027.98,9.0,1034.54,13.0
AVGO,2025-06-20,C,710.0,,,2024-05-03 18:50:10.025418+00:00,603.62,1.0,2024-07-12 19:59:59.554965+00:00,1012.41,12.0,1029.51,11.0
AVGO,2025-06-20,C,720.0,,,,,,2024-07-12 19:59:59.554835+00:00,1001.63,9.0,1010.38,12.0
AVGO,2025-06-20,C,730.0,,,,,,2024-07-12 19:59:59.554915+00:00,992.78,13.0,1003.59,13.0
AVGO,2025-06-20,C,740.0,,,2024-05-13 18:05:21.049410+00:00,627.22,1.0,2024-07-12 19:59:59.562408+00:00,986.97,10.0,1002.77,14.0
AVGO,2025-06-20,C,750.0,,,2024-05-15 19:05:16.743403+00:00,711.03,1.0,2024-07-12 19:59:59.554915+00:00,984.53,13.0,1000.43,12.0
AVGO,2025-06-20,C,760.0,,,2024-05-13 19:00:27.829403+00:00,608.63,1.0,2024-07-12 19:59:59.554915+00:00,966.07,10.0,972.41,9.0
AVGO,2025-06-20,C,770.0,,,2024-06-13 13:48:19.516409+00:00,972.06,1.0,2024-07-12 19:59:59.554915+00:00,950.16,10.0,957.12,13.0
AVGO,2025-06-20,C,780.0,,,2024-04-19 19:42:55.572317+00:00,474.95,1.0,2024-07-12 19:59:59.554960+00:00,951.7,12.0,973.58,8.0
AVGO,2025-06-20,C,790.0,,,2024-07-03 13:41:18.400736+00:00,938.78,1.0,2024-07-12 19:59:59.555005+00:00,911.84,10.0,959.73,14.0
AVGO,2025-06-20,C,800.0,,,2024-07-12 19:37:18.101574+00:00,931.75,1.0,2024-07-12 19:59:59.554965+00:00,913.11,10.0,931.06,9.0
AVGO,2025-06-20,C,810.0,,,2024-04-18 17:59:49.005429+00:00,510.77,1.0,2024-07-12 19:59:59.554825+00:00,892.61,11.0,917.05,14.0
AVGO,2025-06-20,C,820.0,,,2024-07-10 13:57:17.400532+00:00,954.94,1.0,2024-07-12 19:59:59.041070+00:00,897.09,15.0,918.44,2.0
AVGO,2025-06-20,C,830.0,,,2024-07-03 16:55:17.042355+00:00,930.13,1.0,2024-07-12 19:59:59.041150+00:00,891.38,14.0,908.15,1.0
AVGO,2025-06-20,C,840.0,,,2024-07-03 14:11:52.647595+00:00,893.67,3.0,2024-07-12 19:59:59.554931+00:00,887.25,9.0,893.99,9.0
AVGO,2025-06-20,C,850.0,,,2024-07-12 17:41:52.078350+00:00,906.82,1.0,2024-07-12 19:59:58.953387+00:00,860.73,15.0,883.23,6.0
AVGO,2025-06-20,C,860.0,,,2024-06-21 13:31:26.462990+00:00,872.0,1.0,2024-07-12 19:59:59.554931+00:00,854.09,11.0,881.05,8.0
AVGO,2025-06-20,C,870.0,,,2024-07-11 14:46:13.639528+00:00,875.0,1.0,2024-07-12 19:59:59.555035+00:00,867.34,11.0,876.75,7.0
AVGO,2025-06-20,C,880.0,,,2024-07-05 13:32:50.879450+00:00,891.37,1.0,2024-07-12 19:59:59.554840+00:00,859.19,10.0,877.32,6.0
AVGO,2025-06-20,C,890.0,,,2024-07-01 16:50:23.853624+00:00,791.26,4.0,2024-07-12 19:59:59.554985+00:00,838.98,8.0,862.29,8.0
AVGO,2025-06-20,C,900.0,,,2024-07-11 16:51:39.623959+00:00,830.0,1.0,2024-07-12 19:59:59.554910+00:00,832.81,8.0,859.56,8.0
AVGO,2025-06-20,C,910.0,,,,,,2024-07-12 19:59:33.779261+00:00,827.93,15.0,828.01,3.0
AVGO,2025-06-20,C,920.0,,,2024-03-20 15:14:20.063724+00:00,399.63,5.0,2024-07-12 19:59:59.555010+00:00,817.03,11.0,823.65,5.0
AVGO,2025-06-20,C,930.0,,,,,,2024-07-12 19:59:59.555010+00:00,814.29,10.0,817.91,4.0
AVGO,2025-06-20,C,940.0,,,2024-07-02 17:15:42.001481+00:00,759.0,1.0,2024-07-12 19:59:59.554931+00:00,798.32,9.0,811.57,7.0
AVGO,2025-06-20,C,950.0,,,2024-07-12 17:48:03.847998+00:00,815.0,1.0,2024-07-12 19:59:59.554960+00:00,792.76,9.0,807.26,7.0
AVGO,2025-06-20,C,960.0,,,,,,2024-07-12 19:59:59.554915+00:00,784.31,9.0,799.44,10.0
AVGO,2025-06-20,C,970.0,,,2024-07-08 13:31:27.651356+00:00,787.78,2.0,2024-07-12 19:59:59.555055+00:00,763.11,8.0,777.58,6.0
AVGO,2025-06-20,C,980.0,,,2024-06-26 14:59:29.953955+00:00,670.62,2.0,2024-07-12 19:59:59.554915+00:00,769.73,10.0,783.13,5.0
AVGO,2025-06-20,C,990.0,,,2024-06-27 13:49:54.923798+00:00,663.79,1.0,2024-07-12 19:59:59.554840+00:00,751.97,8.0,761.32,4.0
AVGO,2025-06-20,C,1000.0,,,2024-07-11 14:24:02.624264+00:00,770.61,1.0,2024-07-12 19:59:59.554960+00:00,728.75,8.0,750.36,6.0
AVGO,2025-06-20,C,1010.0,,,2024-07-12 19:29:19.574000+00:00,750.55,1.0,2024-07-12 19:59:33.779297+00:00,721.98,7.0,733.08,4.0
AVGO,2025-06-20,C,1020.0,,,2024-07-08 17:57:22.828402+00:00,784.63,2.0,2024-07-12 19:59:59.554890+00:00,724.24,7.0,746.06,7.0
AVGO,2025-06-20,C,1030.0,,,2024-06-24 16:39:53.696321+00:00,647.17,1.0,2024-07-12 19:59:58.727094+00:00,707.55,11.0,741.27,9.0
AVGO,2025-06-20,C,1040.0,,,,,,2024-07-12 19:59:59.554965+00:00,708.58,8.0,729.5,3.0
AVGO,2025-06-20,C,1050.0,,,2024-04-17 17:30:17.737426+00:00,357.73,1.0,2024-07-12 19:59:59.543864+00:00,699.28,8.0,703.68,5.0
AVGO,2025-06-20,C,1060.0,,,2024-06-26 13:46:58.686067+00:00,616.4,1.0,2024-07-12 19:59:59.020556+00:00,698.56,9.0,709.45,5.0
AVGO,2025-06-20,C,1070.0,,,2024-06-26 16:20:59.024616+00:00,591.56,1.0,2024-07-12 19:59:50.294135+00:00,677.58,11.0,695.22,5.0
AVGO,2025-06-20,C,1080.0,,,2024-05-23 14:35:02.077492+00:00,411.2,1.0,2024-07-12 19:59:50.294135+00:00,659.38,7.0,692.21,5.0
AVGO,2025-06-20,C,1090.0,,,2024-07-03 13:44:17.459970+00:00,651.2,1.0,2024-07-12 19:59:58.946846+00:00,672.32,9.0,685.62,5.0
AVGO,2025-06-20,C,1100.0,,,2024-07-12 15:26:25.754942+00:00,679.03,1.0,2024-07-12 19:59:59.492170+00:00,642.74,8.0,653.9,5.0
AVGO,2025-06-20,C,1110.0,,,2024-06-13 15:04:49.948432+00:00,644.13,1.0,2024-07-12 19:59:59.627999+00:00,652.82,9.0,657.35,9.0
AVGO,2025-06-20,C,1120.0,,,2024-06-20 19:30:45.625420+00:00,689.42,1.0,2024-07-12 19:59:59.486818+00:00,637.23,9.0,653.47,5.0
AVGO,2025-06-20,C,1130.0,,,2024-06-28 18:40:28.274280+00:00,546.73,1.0,2024-07-12 19:59:48.623220+00:00,622.85,5.0,649.45,6.0
AVGO,2025-06-20,C,1140.0,,,2024-07-12 17:55:50.708371+00:00,646.26,1.0,2024-07-12 19:59:55.213333+00:00,609.31,7.0,632.02,7.0
AVGO,2025-06-20,C,1150.0,,,2024-07-12 19:51:03.918328+00:00,612.5,1.0,2024-07-12 19:59:52.446522+00:00,600.13,5.0,614.99,10.0
AVGO,2025-06-20,C,1160.0,,,2024-06-21 16:13:52.427383+00:00,605.76,1.0,2024-07-12 19:59:59.625804+00:00,597.18,7.0,620.81,9.0
AVGO,2025-06-20,C,1170.0,,,2024-07-03 13:47:26.911348+00:00,590.45,1.0,2024-07-12 19:59:58.837140+00:00,593.09,7.0,597.51,3.0
AVGO,2025-06-20,C,1180.0,,,2024-05-23 14:32:31.279666+00:00,348.8,1.0,2024-07-12 19:59:58.949894+00:00,585.15,8.0,610.5,4.0
AVGO,2025-06-20,C,1190.0,,,2024-06-13 13:54:14.762149+00:00,600.0,3.0,2024-07-12 19:59:59.543864+00:00,576.72,7.0,583.43,10.0
AVGO,2025-06-20,C,1200.0,,,2024-07-10 14:04:00.013369+00:00,618.67,1.0,2024-07-12 19:59:59.097400+00:00,559.09,6.0,591.23,10.0
AVGO,2025-06-20,C,1210.0,,,,,,2024-07-12 19:59:58.535147+00:00,563.76,7.0,574.9,17.0
AVGO,2025-06-20,C,1220.0,,,2024-06-13 14:12:05.546405+00:00,556.0,1.0,2024-07-12 19:59:59.020135+00:00,563.03,6.0,576.23,1.0
AVGO,2025-06-20,C,1230.0,,,2024-07-05 17:10:55.359130+00:00,574.6,1.0,2024-07-12 19:59:59.453623+00:00,557.31,5.0,561.61,6.0
AVGO,2025-06-20,C,1240.0,,,2024-07-05 16:39:18.584598+00:00,565.1,1.0,2024-07-12 19:59:51.141228+00:00,534.86,5.0,556.69,6.0
AVGO,2025-06-20,C,1250.0,,,2024-06-24 17:29:54.709843+00:00,474.4,1.0,2024-07-12 19:59:41.933824+00:00,524.68,5.0,551.29,6.0
AVGO,2025-06-20,C,1260.0,,,2024-06-26 13:49:47.265439+00:00,461.32,1.0,2024-07-12 19:59:59.494967+00:00,514.23,6.0,532.6,10.0
AVGO,2025-06-20,C,1270.0,,,2024-07-05 18:41:17.604705+00:00,531.2,1.0,2024-07-12 19:59:52.412546+00:00,512.11,5.0,522.57,5.0
AVGO,2025-06-20,C,1280.0,,,2024-07-05 16:26:22.538906+00:00,540.29,1.0,2024-07-12 19:59:59.554825+00:00,501.51,6.0,528.78,10.0
AVGO,2025-06-20,C,1290.0,,,2024-06-25 14:44:19.406413+00:00,412.68,1.0,2024-07-12 19:59:58.984130+00:00,500.52,11.0,514.82,5.0
AVGO,2025-06-20,C,1300.0,,,2024-07-11 15:21:04.502356+00:00,524.67,2.0,2024-07-12 19:59:59.129010+00:00,495.84,5.0,514.59,5.0
AVGO,2025-06-20,C,1310.0,,,2024-06-12 16:15:49.372363+00:00,327.09,1.0,2024-07-12 19:59:58.848437+00:00,496.13,3.0,510.22,6.0
AVGO,2025-06-20,C,1320.0,,,2024-07-10 13:39:40.961309+00:00,533.27,2.0,2024-07-12 19:59:59.638404+00:00,476.0,5.0,489.87,5.0
AVGO,2025-06-20,C,1340.0,,,2024-06-28 15:02:20.466835+00:00,395.6,1.0,2024-07-12 19:59:58.847440+00:00,473.43,3.0,476.54,7.0
AVGO,2025-06-20,C,1360.0,,,2024-07-10 19:33:19.298538+00:00,521.85,1.0,2024-07-12 19:59:59.285835+00:00,450.17,5.0,470.03,4.0
AVGO,2025-06-20,C,1380.0,,,2024-07-12 18:04:26.444680+00:00,468.75,1.0,2024-07-12 19:59:59.748492+00:00,441.15,6.0,457.12,8.0
AVGO,2025-06-20,C,1400.0,,,2024-07-12 16:27:53.999323+00:00,446.92,1.0,2024-07-12 19:59:58.558026+00:00,419.72,7.0,444.9,12.0
AVGO,2025-06-20,C,1420.0,,,2024-07-08 18:55:42.488803+00:00,457.76,1.0,2024-07-12 19:59:57.808128+00:00,415.41,6.0,428.31,11.0
AVGO,2025-06-20,C,1440.0,,,2024-06-27 19:12:08.144509+00:00,322.2,3.0,2024-07-12 19:59:58.050449+00:00,396.11,2.0,417.59,11.0
AVGO,2025-06-20,C,1460.0,,,2024-07-11 13:38:04.528998+00:00,426.03,1.0,2024-07-12 19:59:59.004694+00:00,382.63,2.0,398.33,14.0
AVGO,2025-06-20,C,1480.0,,,2024-07-05 13:45:24.393224+00:00,418.2,1.0,2024-07-12 19:59:57.880388+00:00,376.39,5.0,393.21,22.0
AVGO,2025-06-20,C,1500.0,,,2024-07-11 18:41:18.679725+00:00,371.05,2.0,2024-07-12 19:59:58.106712+00:00,364.56,6.0,381.32,11.0
AVGO,2025-06-20,C,1520.0,,,2024-07-08 15:42:17.469688+00:00,405.0,1.0,2024-07-12 19:59:59.556213+00:00,353.58,5.0,360.06,9.0
AVGO,2025-06-20,C,1540.0,,,2024-07-08 14:12:06.398566+00:00,376.1,20.0,2024-07-12 19:59:59.324656+00:00,342.96,4.0,350.3,7.0
AVGO,2025-06-20,C,1560.0,,,2024-07-11 16:08:26.404167+00:00,343.12,1.0,2024-07-12 19:59:59.505678+00:00,325.81,6.0,345.87,6.0
AVGO,2025-06-20,C,1580.0,,,2024-07-12 19:58:44.641404+00:00,324.2,1.0,2024-07-12 19:59:59.787415+00:00,312.24,1.0,326.16,12.0
AVGO,2025-06-20,C,1600.0,,,2024-07-12 19:36:39.212004+00:00,315.0,1.0,2024-07-12 19:59:59.782913+00:00,301.11,4.0,314.18,12.0
AVGO,2025-06-20,C,1620.0,,,2024-07-11 15:07:20.626703+00:00,323.12,1.0,2024-07-12 19:59:59.004769+00:00,300.36,5.0,308.75,14.0
AVGO,2025-06-20,C,1640.0,,,2024-07-12 17:45:55.250700+00:00,312.35,1.0,2024-07-12 19:59:58.983799+00:00,281.85,9.0,304.95,8.0
AVGO,2025-06-20,C,1660.0,,,2024-07-12 19:30:57.350212+00:00,285.71,1.0,2024-07-12 19:59:59.003716+00:00,271.59,11.0,294.02,14.0
AVGO,2025-06-20,C,1680.0,,,2024-07-12 19:30:57.350219+00:00,278.23,1.0,2024-07-12 20:00:00.079389+00:00,269.24,7.0,278.41,7.0
AVGO,2025-06-20,C,1700.0,,,2024-07-12 19:50:27.856986+00:00,260.9,1.0,2024-07-12 19:59:59.050874+00:00,254.59,1.0,271.02,14.0
AVGO,2025-06-20,C,1720.0,,,2024-07-12 15:48:26.507528+00:00,276.4,1.0,2024-07-12 19:59:59.791183+00:00,247.73,5.0,266.62,12.0
AVGO,2025-06-20,C,1740.0,,,2024-07-12 18:19:03.543861+00:00,264.15,1.0,2024-07-12 19:59:58.984335+00:00,237.86,6.0,247.63,6.0
AVGO,2025-06-20,C,1760.0,,,2024-07-12 19:50:34.523239+00:00,236.7,5.0,2024-07-12 19:59:58.846246+00:00,235.41,11.0,241.19,11.0
AVGO,2025-06-20,C,1780.0,,,2024-07-10 19:33:19.298538+00:00,280.07,1.0,2024-07-12 19:59:59.767226+00:00,227.39,6.0,237.0,5.0
AVGO,2025-06-20,C,1800.0,,,2024-07-12 19:57:01.791793+00:00,222.0,1.0,2024-07-12 19:59:58.462995+00:00,210.95,12.0,233.58,2.0
AVGO,2025-06-20,C,1820.0,,,2024-07-10 14:09:09.676435+00:00,240.9,1.0,2024-07-12 19:59:58.848332+00:00,211.65,2.0,221.04,7.0
AVGO,2025-06-20,C,1840.0,,,2024-07-12 19:08:33.638306+00:00,218.4,1.0,2024-07-12 19:59:58.475750+00:00,203.47,5.0,210.54,6.0
AVGO,2025-06-20,C,1860.0,,,2024-07-12 15:30:20.068541+00:00,216.28,1.0,2024-07-12 19:59:58.346317+00:00,197.07,5.0,203.24,10.0
AVGO,2025-06-20,C,1880.0,,,2024-07-11 18:01:03.349880+00:00,191.53,1.0,2024-07-12 19:59:58.852161+00:00,183.12,5.0,196.72,6.0
AVGO,2025-06-20,C,1900.0,,,2024-07-12 15:56:50.468359+00:00,204.26,1.0,2024-07-12 19:59:59.991004+00:00,180.31,7.0,190.68,1.0
AVGO,2025-06-20,C,1920.0,,,2024-07-09 16:50:39.108405+00:00,201.0,2.0,2024-07-12 19:59:58.734155+00:00,175.6,5.0,186.07,4.0
AVGO,2025-06-20,C,1940.0,,,2024-07-05 13:49:40.324831+00:00,201.32,1.0,2024-07-12 19:59:58.050489+00:00,164.55,7.0,177.42,5.0
AVGO,2025-06-20,C,1960.0,,,2024-07-11 17:10:58.032431+00:00,170.48,1.0,2024-07-12 19:59:59.623829+00:00,163.56,7.0,178.25,1.0
AVGO,2025-06-20,C,1980.0,,,2024-07-12 19:41:18.349284+00:00,162.0,1.0,2024-07-12 19:59:59.489941+00:00,156.54,5.0,162.7,5.0
AVGO,2025-06-20,C,2000.0,,,2024-07-12 19:30:57.195616+00:00,160.6,3.0,2024-07-12 19:59:59.675577+00:00,149.64,3.0,161.91,13.0
AVGO,2025-06-20,C,2050.0,,,2024-07-12 13:32:46.480922+00:00,155.0,1.0,2024-07-12 19:59:59.380064+00:00,138.1,8.0,144.59,2.0
AVGO,2025-06-20,C,2100.0,,,2024-07-12 15:56:50.468363+00:00,145.45,1.0,2024-07-12 19:59:59.499824+00:00,122.3,8.0,137.92,11.0
AVGO,2025-06-20,C,2150.0,,,2024-07-11 19:58:32.011461+00:00,138.09,1.0,2024-07-12 20:00:00.164973+00:00,111.57,5.0,126.17,5.0
AVGO,2025-06-20,C,2200.0,,,2024-07-12 14:41:44.270747+00:00,123.2,1.0,2024-07-12 19:59:57.997002+00:00,104.29,6.0,113.78,5.0
AVGO,2025-06-20,C,2250.0,,,2024-07-11 19:40:19.755819+00:00,111.6,2.0,2024-07-12 19:59:58.765795+00:00,95.58,1.0,104.15,2.0
AVGO,2025-06-20,C,2300.0,,,2024-07-11 19:34:18.505352+00:00,100.39,5.0,2024-07-12 19:59:57.768718+00:00,87.75,5.0,95.9,1.0
AVGO,2025-06-20,C,2350.0,,,2024-07-12 13:56:06.702239+00:00,98.87,1.0,2024-07-12 20:00:00.086561+00:00,79.84,1.0,89.41,8.0
AVGO,2025-06-20,C,2400.0,,,2024-07-11 19:36:37.117726+00:00,87.0,1.0,2024-07-12 19:59:58.730176+00:00,72.41,5.0,81.78,9.0
AVGO,2025-06-20,C,2450.0,,,2024-07-10 19:31:47.517345+00:00,96.36,1.0,2024-07-12 19:59:58.984415+00:00,64.0,6.0,75.16,6.0
AVGO,2025-06-20,C,2500.0,,,2024-07-12 19:44:27.995433+00:00,65.3,1.0,2024-07-12 19:59:59.764690+00:00,59.19,1.0,69.06,13.0
AVGO,2025-06-20,C,2550.0,,,2024-07-11 14:28:32.310572+00:00,70.5,1.0,2024-07-12 19:59:58.765776+00:00,54.34,2.0,64.6,11.0
AVGO,2025-06-20,C,2600.0,,,2024-07-12 19:40:20.299786+00:00,55.0,1.0,2024-07-12 19:59:58.317634+00:00,49.21,1.0,58.08,8.0
AVGO,2025-06-20,C,2650.0,,,2024-07-12 17:31:05.431422+00:00,55.05,1.0,2024-07-12 20:00:00.089574+00:00,45.13,5.0,54.46,6.0
AVGO,2025-06-20,C,2700.0,,,2024-07-09 17:48:33.909377+00:00,56.17,1.0,2024-07-12 19:59:58.984130+00:00,40.87,2.0,49.41,5.0
AVGO,2025-06-20,C,2750.0,,,2024-07-12 16:09:43.436688+00:00,47.5,1.0,2024-07-12 20:00:00.089088+00:00,38.27,11.0,45.52,5.0
AVGO,2025-06-20,P,41.0,,,2025-06-13 14:21:07.129623+00:00,0.01,1.0,2025-06-13 19:59:58.471523+00:00,0.0,0.0,0.01,260.0
AVGO,2025-06-20,P,42.0,,,2025-04-07 19:27:13.646921+00:00,0.06,1.0,2025-06-13 19:59:58.473468+00:00,0.0,0.0,0.03,360.0
AVGO,2025-06-20,P,43.0,,,2025-05-07 13:42:18.803428+00:00,0.01,5.0,2025-06-13 19:59:58.473428+00:00,0.0,0.0,0.01,360.0
AVGO,2025-06-20,P,44.0,,,2025-04-07 14:45:15.916365+00:00,0.08,10.0,2025-06-13 19:59:58.473488+00:00,0.0,0.0,0.03,360.0
AVGO,2025-06-20,P,45.0,,,2025-04-07 16:46:39.110957+00:00,0.11,2.0,2025-06-13 19:59:59.603250+00:00,0.0,0.0,0.01,360.0
AVGO,2025-06-20,P,46.0,,,2025-04-09 13:44:28.686673+00:00,0.08,1.0,2025-06-13 19:59:59.696382+00:00,0.0,0.0,0.01,3.0
AVGO,2025-06-20,P,47.0,,,2025-05-14 19:55:01.014579+00:00,0.01,1.0,2025-06-13 19:59:59.696382+00:00,0.0,0.0,0.01,3.0
AVGO,2025-06-20,P,48.0,,,2025-05-14 19:55:01.014595+00:00,0.01,1.0,2025-06-13 19:59:59.696432+00:00,0.0,0.0,0.04,3.0
AVGO,2025-06-20,P,49.0,,,2025-05-14 19:55:01.014563+00:00,0.01,1.0,2025-06-13 19:59:59.651154+00:00,0.0,0.0,0.01,1.0
AVGO,2025-06-20,P,50.0,,,2025-05-14 19:55:01.014584+00:00,0.01,1.0,2025-06-13 19:59:59.603250+00:00,0.0,0.0,0.01,260.0
AVGO,2025-06-20,P,51.0,,,2025-04-29 19:55:01.081577+00:00,0.03,1.0,2025-06-13 19:59:59.660617+00:00,0.0,0.0,0.01,1.0
AVGO,2025-06-20,P,52.0,,,2025-04-07 17:10:35.787791+00:00,0.2,5.0,2025-06-13 19:59:59.620251+00:00,0.0,0.0,0.01,6.0
AVGO,2025-06-20,P,53.0,,,2025-06-13 17:13:20.397967+00:00,0.01,1.0,2025-06-13 19:59:59.412115+00:00,0.0,0.0,0.03,5.0
AVGO,2025-06-20,P,54.0,,,2025-04-04 17:41:01.019929+00:00,0.18,1.0,2025-06-13 19:59:59.620145+00:00,0.0,0.0,0.03,6.0
AVGO,2025-06-20,P,55.0,,,2025-04-07 19:11:07.181742+00:00,0.17,1.0,2025-06-13 19:59:58.474730+00:00,0.0,0.0,0.03,25.0
AVGO,2025-06-20,P,56.0,,,2025-04-07 17:03:27.512352+00:00,0.25,2.0,2025-06-13 19:59:59.620231+00:00,0.0,0.0,0.01,6.0
AVGO,2025-06-20,P,57.0,,,2025-04-04 13:30:04.520307+00:00,0.19,5.0,2025-06-13 19:59:59.617173+00:00,0.0,0.0,0.03,6.0
AVGO,2025-06-20,P,58.0,,,2025-04-10 14:42:10.360297+00:00,0.08,15.0,2025-06-13 19:59:59.617193+00:00,0.0,0.0,0.03,6.0
AVGO,2025-06-20,P,59.0,,,2025-04-07 16:52:42.296614+00:00,0.33,5.0,2025-06-13 19:59:59.412216+00:00,0.0,0.0,0.03,5.0
AVGO,2025-06-20,P,60.0,,,2025-06-13 17:13:34.858379+00:00,0.01,1.0,2025-06-13 19:59:58.472140+00:00,0.0,0.0,0.01,25.0
AVGO,2025-06-20,P,61.0,,,2025-06-02 16:41:38.284376+00:00,0.01,1.0,2025-06-13 19:59:59.617153+00:00,0.0,0.0,0.01,6.0
AVGO,2025-06-20,P,62.0,,,2025-06-02 16:41:51.879418+00:00,0.01,1.0,2025-06-13 19:59:59.617173+00:00,0.0,0.0,0.01,6.0
AVGO,2025-06-20,P,63.0,,,2025-06-02 16:42:06.941188+00:00,0.01,1.0,2025-06-13 19:59:59.412100+00:00,0.0,0.0,0.03,5.0
AVGO,2025-06-20,P,64.0,,,2025-05-12 15:14:59.354807+00:00,0.01,20.0,2025-06-13 19:59:59.617163+00:00,0.0,0.0,0.01,6.0
AVGO,2025-06-20,P,65.0,,,2025-05-16 14:32:50.249655+00:00,0.01,4.0,2025-06-13 19:59:58.474766+00:00,0.0,0.0,0.01,25.0
AVGO,2025-06-20,P,66.0,,,2025-04-23 17:50:25.688347+00:00,0.04,5.0,2025-06-13 19:59:59.412190+00:00,0.0,0.0,0.01,5.0
AVGO,2025-06-20,P,67.0,,,2025-04-21 18:16:56.235662+00:00,0.16,9.0,2025-06-13 19:59:59.645772+00:00,0.0,0.0,0.01,12.0
AVGO,2025-06-20,P,68.0,,,2025-04-10 19:36:19.172340+00:00,0.29,1.0,2025-06-13 19:59:59.616391+00:00,0.0,0.0,0.01,6.0
AVGO,2025-06-20,P,69.0,,,2025-06-13 17:13:27.378450+00:00,0.01,1.0,2025-06-13 19:59:58.473458+00:00,0.0,0.0,0.01,4.0
AVGO,2025-06-20,P,70.0,,,2025-06-02 16:41:18.168594+00:00,0.01,10.0,2025-06-13 19:59:58.474766+00:00,0.0,0.0,0.03,25.0
AVGO,2025-06-20,P,71.0,,,2025-06-12 19:24:55.397075+00:00,0.01,1.0,2025-06-13 19:59:59.652046+00:00,0.0,0.0,0.01,1.0
AVGO,2025-06-20,P,72.0,,,2025-05-23 14:14:22.669396+00:00,0.02,1.0,2025-06-13 19:59:59.652046+00:00,0.0,0.0,0.03,1.0
AVGO,2025-06-20,P,73.0,,,2025-04-15 17:23:35.945375+00:00,0.13,1.0,2025-06-13 19:59:59.651049+00:00,0.0,0.0,0.01,1.0
AVGO,2025-06-20,P,74.0,,,2025-06-12 19:13:34.262554+00:00,0.01,1.0,2025-06-13 19:59:59.412266+00:00,0.0,0.0,0.01,5.0
AVGO,2025-06-20,P,75.0,,,2025-06-05 17:16:19.470908+00:00,0.01,10.0,2025-06-13 19:59:58.474736+00:00,0.0,0.0,0.03,25.0
AVGO,2025-06-20,P,76.0,,,2025-05-13 14:00:43.061933+00:00,0.01,3.0,2025-06-13 19:59:57.856828+00:00,0.0,0.0,0.01,6.0
AVGO,2025-06-20,P,77.0,,,2025-05-05 19:46:36.290385+00:00,0.02,2.0,2025-06-13 19:59:59.412285+00:00,0.0,0.0,0.01,5.0
AVGO,2025-06-20,P,78.0,,,2025-06-10 13:31:01.901741+00:00,0.01,1.0,2025-06-13 19:59:59.412295+00:00,0.0,0.0,0.03,6.0
AVGO,2025-06-20,P,79.0,,,2025-04-23 18:37:46.244369+00:00,0.12,1.0,2025-06-13 19:59:59.412140+00:00,0.0,0.0,0.01,5.0
AVGO,2025-06-20,P,80.0,,,2025-06-10 13:34:43.063536+00:00,0.01,2.0,2025-06-13 19:59:58.474766+00:00,0.0,0.0,0.01,25.0
AVGO,2025-06-20,P,81.0,,,2025-06-02 16:40:34.955305+00:00,0.01,8.0,2025-06-13 19:59:59.412090+00:00,0.0,0.0,0.03,5.0
AVGO,2025-06-20,P,82.0,,,2025-04-16 13:47:55.233021+00:00,0.3,70.0,2025-06-13 19:59:59.652352+00:00,0.0,0.0,0.01,1.0
AVGO,2025-06-20,P,83.0,,,2025-05-27 19:07:27.040594+00:00,0.02,1.0,2025-06-13 19:59:59.653009+00:00,0.0,0.0,0.03,1.0
AVGO,2025-06-20,P,84.0,,,2025-04-14 15:10:17.819201+00:00,0.36,2.0,2025-06-13 19:59:59.412225+00:00,0.0,0.0,0.03,5.0
AVGO,2025-06-20,P,85.0,,,2025-06-04 15:50:32.093025+00:00,0.01,1.0,2025-06-13 19:59:59.639218+00:00,0.0,0.0,0.01,5.0
AVGO,2025-06-20,P,86.0,,,2025-05-29 13:42:59.055040+00:00,0.01,1.0,2025-06-13 19:59:59.653186+00:00,0.0,0.0,0.01,1.0
AVGO,2025-06-20,P,87.0,,,2025-05-01 16:03:58.191358+00:00,0.05,1.0,2025-06-13 19:59:59.653186+00:00,0.0,0.0,0.01,1.0
AVGO,2025-06-20,P,88.0,,,2025-05-01 16:08:34.506511+00:00,0.07,1.0,2025-06-13 19:59:59.653186+00:00,0.0,0.0,0.03,1.0
AVGO,2025-06-20,P,89.0,,,2025-05-02 18:12:41.237374+00:00,0.05,1.0,2025-06-13 19:59:59.654161+00:00,0.0,0.0,0.03,1.0
AVGO,2025-06-20,P,90.0,,,2025-06-10 13:32:48.728001+00:00,0.01,3.0,2025-06-13 19:59:58.474736+00:00,0.0,0.0,0.01,25.0
AVGO,2025-06-20,P,91.0,,,2025-06-02 16:40:02.036208+00:00,0.02,10.0,2025-06-13 19:59:59.654161+00:00,0.0,0.0,0.03,1.0
AVGO,2025-06-20,P,92.0,,,2025-05-02 18:27:05.697381+00:00,0.05,1.0,2025-06-13 19:59:59.654161+00:00,0.0,0.0,0.03,1.0
AVGO,2025-06-20,P,93.0,,,2025-05-08 14:01:07.211378+00:00,0.05,1.0,2025-06-13 19:59:59.654161+00:00,0.0,0.0,0.01,1.0
AVGO,2025-06-20,P,94.0,,,2025-05-12 16:29:22.969521+00:00,0.04,1.0,2025-06-13 19:59:59.654161+00:00,0.0,0.0,0.03,1.0
AVGO,2025-06-20,P,95.0,,,2025-06-09 13:30:01.177644+00:00,0.01,6.0,2025-06-13 19:59:59.651575+00:00,0.0,0.0,0.03,5.0
AVGO,2025-06-20,P,96.0,,,2025-05-29 15:50:29.760773+00:00,0.01,3.0,2025-06-13 19:59:59.654347+00:00,0.0,0.0,0.03,1.0
AVGO,2025-06-20,P,97.0,,,2025-05-16 17:16:09.897742+00:00,0.03,1.0,2025-06-13 19:59:59.412250+00:00,0.0,0.0,0.01,5.0
AVGO,2025-06-20,P,98.0,,,2025-05-28 13:30:04.495496+00:00,0.02,3.0,2025-06-13 19:59:59.412205+00:00,0.0,0.0,0.03,5.0
AVGO,2025-06-20,P,99.0,,,2025-05-13 16:38:59.593605+00:00,0.04,2.0,2025-06-13 19:59:59.589297+00:00,0.0,0.0,0.01,6.0
AVGO,2025-06-20,P,100.0,,,2025-06-05 15:57:13.103400+00:00,0.01,6.0,2025-06-13 19:59:58.474766+00:00,0.0,0.0,0.01,25.0
AVGO,2025-06-20,P,101.0,,,2025-05-05 13:52:37.328265+00:00,0.1,1.0,2025-06-13 19:59:59.412237+00:00,0.0,0.0,0.03,5.0
AVGO,2025-06-20,P,102.0,,,2025-05-30 14:43:00.591377+00:00,0.01,10.0,2025-06-13 19:59:59.412100+00:00,0.0,0.0,0.03,5.0
AVGO,2025-06-20,P,103.0,,,2025-06-02 19:53:13.492377+00:00,0.01,2.0,2025-06-13 19:59:59.412115+00:00,0.0,0.0,0.03,5.0
AVGO,2025-06-20,P,104.0,,,2025-05-08 19:55:31.048343+00:00,0.09,1.0,2025-06-13 19:59:57.866682+00:00,0.0,0.0,0.01,6.0
AVGO,2025-06-20,P,105.0,,,2025-05-30 19:43:19.992446+00:00,0.03,5.0,2025-06-13 19:59:58.474730+00:00,0.0,0.0,0.03,25.0
AVGO,2025-06-20,P,106.0,,,2025-06-02 16:29:10.270040+00:00,0.02,10.0,2025-06-13 19:59:58.685257+00:00,0.0,0.0,0.03,5.0
AVGO,2025-06-20,P,107.0,,,2025-06-04 17:52:42.901186+00:00,0.01,2.0,2025-06-13 19:59:58.685252+00:00,0.0,0.0,0.03,12.0
AVGO,2025-06-20,P,108.0,,,2025-05-27 19:10:22.677734+00:00,0.03,33.0,2025-06-13 19:59:58.685247+00:00,0.0,0.0,0.03,5.0
AVGO,2025-06-20,P,109.0,,,2025-06-02 16:30:02.952187+00:00,0.01,10.0,2025-06-13 19:59:59.412216+00:00,0.0,0.0,0.03,5.0
AVGO,2025-06-20,P,110.0,,,2025-06-09 13:30:01.964384+00:00,0.02,1.0,2025-06-13 19:59:58.474736+00:00,0.0,0.0,0.01,25.0
AVGO,2025-06-20,P,111.0,,,2025-05-27 19:10:59.151884+00:00,0.03,4.0,2025-06-13 19:59:59.688869+00:00,0.0,0.0,0.01,36.0
AVGO,2025-06-20,P,112.0,,,2025-05-16 17:53:40.190383+00:00,0.08,30.0,2025-06-13 19:59:59.688869+00:00,0.0,0.0,0.01,3.0
AVGO,2025-06-20,P,113.0,,,2025-06-06 15:24:02.745947+00:00,0.01,10.0,2025-06-13 19:59:59.688924+00:00,0.0,0.0,0.04,3.0
AVGO,2025-06-20,P,114.0,,,2025-05-29 13:39:28.331412+00:00,0.04,5.0,2025-06-13 19:59:59.688924+00:00,0.0,0.0,0.01,3.0
AVGO,2025-06-20,P,115.0,,,2025-06-10 18:56:44.601006+00:00,0.01,12.0,2025-06-13 19:59:59.634991+00:00,0.0,0.0,0.04,2.0
AVGO,2025-06-20,P,116.0,,,2025-05-28 19:21:38.277301+00:00,0.07,3.0,2025-06-13 19:59:59.688980+00:00,0.0,0.0,0.04,3.0
AVGO,2025-06-20,P,117.0,,,2025-05-15 19:26:09.450509+00:00,0.09,1.0,2025-06-13 19:59:59.688980+00:00,0.0,0.0,0.04,3.0
AVGO,2025-06-20,P,118.0,,,2025-06-04 13:35:49.749215+00:00,0.02,10.0,2025-06-13 19:59:59.689030+00:00,0.0,0.0,0.01,3.0
AVGO,2025-06-20,P,119.0,,,2025-06-05 19:35:52.892730+00:00,0.01,1.0,2025-06-13 19:59:59.689030+00:00,0.0,0.0,0.01,3.0
AVGO,2025-06-20,P,120.0,,,2025-06-13 14:47:05.219115+00:00,0.01,8.0,2025-06-13 19:59:32.215155+00:00,0.0,0.0,0.01,2.0
AVGO,2025-06-20,P,121.0,,,2025-05-28 19:21:38.262420+00:00,0.08,5.0,2025-06-13 19:59:59.940960+00:00,0.0,0.0,0.04,17.0
AVGO,2025-06-20,P,122.0,,,2025-06-02 19:21:52.696476+00:00,0.02,1.0,2025-06-13 19:59:59.292279+00:00,0.0,0.0,0.04,35.0
AVGO,2025-06-20,P,123.0,,,2025-05-22 19:54:36.489633+00:00,0.08,1.0,2025-06-13 19:59:59.412346+00:00,0.0,0.0,0.01,16.0
AVGO,2025-06-20,P,124.0,,,2025-05-29 16:41:00.511086+00:00,0.03,10.0,2025-06-13 19:59:59.412290+00:00,0.0,0.0,0.04,17.0
AVGO,2025-06-20,P,125.0,,,2025-06-12 18:05:50.408624+00:00,0.01,1.0,2025-06-13 19:59:59.998771+00:00,0.0,0.0,0.01,30.0
AVGO,2025-06-20,P,126.0,,,2025-06-06 17:13:53.222032+00:00,0.01,1.0,2025-06-13 19:59:58.471678+00:00,0.0,0.0,0.01,15.0
AVGO,2025-06-20,P,127.0,,,2025-06-02 13:50:17.966319+00:00,0.02,1.0,2025-06-13 19:59:58.443978+00:00,0.0,0.0,0.01,30.0
AVGO,2025-06-20,P,128.0,,,2025-05-30 13:30:06.218772+00:00,0.04,2.0,2025-06-13 19:59:58.482460+00:00,0.0,0.0,0.01,26.0
AVGO,2025-06-20,P,129.0,,,2025-06-06 15:06:14.434392+00:00,0.01,1.0,2025-06-13 19:59:58.472039+00:00,0.0,0.0,0.04,16.0
AVGO,2025-06-20,P,130.0,,,2025-06-09 14:22:47.880912+00:00,0.01,6.0,2025-06-13 19:59:58.893038+00:00,0.0,0.0,0.01,36.0
AVGO,2025-06-20,P,131.0,,,2025-06-09 17:49:59.094830+00:00,0.01,3.0,2025-06-13 19:59:58.472119+00:00,0.0,0.0,0.04,12.0
AVGO,2025-06-20,P,132.0,,,2025-06-04 14:11:05.255725+00:00,0.01,4.0,2025-06-13 19:59:58.471655+00:00,0.0,0.0,0.04,14.0
AVGO,2025-06-20,P,134.0,,,2025-06-09 15:26:55.237841+00:00,0.01,1.0,2025-06-13 19:59:58.471655+00:00,0.0,0.0,0.04,12.0
AVGO,2025-06-20,P,135.0,,,2025-06-13 16:31:32.190545+00:00,0.01,3.0,2025-06-13 19:59:59.603461+00:00,0.0,0.0,0.04,30.0
AVGO,2025-06-20,P,136.0,,,2025-06-09 13:48:17.854370+00:00,0.01,1.0,2025-06-13 19:59:58.471498+00:00,0.0,0.0,0.01,14.0
AVGO,2025-06-20,P,138.0,,,2025-06-13 19:11:34.145460+00:00,0.01,1.0,2025-06-13 19:59:58.683750+00:00,0.0,0.0,0.04,13.0
AVGO,2025-06-20,P,140.0,,,2025-06-13 18:07:41.281885+00:00,0.01,1.0,2025-06-13 19:59:59.603461+00:00,0.0,0.0,0.01,7.0
AVGO,2025-06-20,P,142.0,,,2025-06-10 19:54:56.163389+00:00,0.01,3.0,2025-06-13 19:59:58.477940+00:00,0.0,0.0,0.01,10.0
AVGO,2025-06-20,P,144.0,,,2025-06-10 13:56:38.008544+00:00,0.01,2.0,2025-06-13 19:59:58.477943+00:00,0.0,0.0,0.04,12.0
AVGO,2025-06-20,P,145.0,,,2025-06-13 19:34:41.425723+00:00,0.01,20.0,2025-06-13 19:59:59.603461+00:00,0.0,0.0,0.04,7.0
AVGO,2025-06-20,P,146.0,,,2025-06-10 13:57:05.052127+00:00,0.01,3.0,2025-06-13 19:59:58.473488+00:00,0.0,0.0,0.01,6.0
AVGO,2025-06-20,P,148.0,,,2025-06-12 14:08:42.684844+00:00,0.01,65.0,2025-06-13 19:59:58.473468+00:00,0.0,0.0,0.04,10.0
AVGO,2025-06-20,P,150.0,,,2025-06-13 17:56:59.052989+00:00,0.01,2.0,2025-06-13 19:59:59.603461+00:00,0.0,0.0,0.04,7.0
AVGO,2025-06-20,P,152.0,,,2025-06-13 17:58:02.434028+00:00,0.02,1.0,2025-06-13 19:34:52.629968+00:00,0.0,0.0,0.03,10.0
AVGO,2025-06-20,P,154.0,,,2025-06-12 15:47:23.181077+00:00,0.01,3.0,2025-06-13 19:59:58.683298+00:00,0.0,0.0,0.04,12.0
AVGO,2025-06-20,P,155.0,,,2025-06-13 18:16:02.169260+00:00,0.01,1.0,2025-06-13 19:59:59.603456+00:00,0.0,0.0,0.04,5.0
AVGO,2025-06-20,P,156.0,,,2025-06-13 14:16:11.681927+00:00,0.01,1.0,2025-06-13 19:59:58.683140+00:00,0.0,0.0,0.04,7.0
AVGO,2025-06-20,P,158.0,,,2025-06-13 18:09:41.486377+00:00,0.01,10.0,2025-06-13 19:59:59.505028+00:00,0.01,11.0,0.05,2.0
AVGO,2025-06-20,P,160.0,,,2025-06-13 13:47:38.841540+00:00,0.03,1.0,2025-06-13 19:59:59.609886+00:00,0.03,10.0,0.04,1.0
AVGO,2025-06-20,P,162.0,,,2025-06-13 14:01:48.754383+00:00,0.02,1.0,2025-06-13 19:59:58.478476+00:00,0.0,0.0,0.01,13.0
AVGO,2025-06-20,P,164.0,,,2025-06-13 19:30:03.542963+00:00,0.03,1.0,2025-06-13 19:59:59.150467+00:00,0.01,37.0,0.03,34.0
AVGO,2025-06-20,P,165.0,,,2025-06-13 18:02:49.568379+00:00,0.01,17.0,2025-06-13 19:59:59.603461+00:00,0.0,0.0,0.01,8.0
AVGO,2025-06-20,P,166.0,,,2025-06-13 17:36:18.899395+00:00,0.03,18.0,2025-06-13 19:59:58.682822+00:00,0.0,0.0,0.05,5.0
AVGO,2025-06-20,P,168.0,,,2025-06-13 17:36:17.543538+00:00,0.02,7.0,2025-06-13 19:59:59.637627+00:00,0.03,10.0,0.05,8.0
AVGO,2025-06-20,P,170.0,,,2025-06-13 19:11:36.458593+00:00,0.01,1.0,2025-06-13 19:59:52.408915+00:00,0.04,3.0,0.05,4.0
AVGO,2025-06-20,P,172.0,,,2025-06-13 17:26:20.738903+00:00,0.03,1.0,2025-06-13 19:59:58.478675+00:00,0.01,15.0,0.06,29.0
AVGO,2025-06-20,P,174.0,,,2025-06-13 18:18:20.549751+00:00,0.02,23.0,2025-06-13 19:59:59.126043+00:00,0.01,9.0,0.06,19.0
AVGO,2025-06-20,P,175.0,,,2025-06-13 18:18:19.913198+00:00,0.02,16.0,2025-06-13 19:59:59.602964+00:00,0.01,49.0,0.02,6.0
AVGO,2025-06-20,P,176.0,,,2025-06-13 13:54:43.560947+00:00,0.02,1.0,2025-06-13 19:59:59.637888+00:00,0.01,13.0,0.02,12.0
AVGO,2025-06-20,P,178.0,,,2025-06-12 16:20:58.059898+00:00,0.02,10.0,2025-06-13 19:59:57.661608+00:00,0.01,16.0,0.03,12.0
AVGO,2025-06-20,P,180.0,,,2025-06-13 19:26:38.174376+00:00,0.03,5.0,2025-06-13 19:59:59.736824+00:00,0.04,41.0,0.07,22.0
AVGO,2025-06-20,P,182.0,,,2025-06-13 17:18:18.008834+00:00,0.04,1.0,2025-06-13 19:59:58.485712+00:00,0.05,23.0,0.07,10.0
AVGO,2025-06-20,P,184.0,,,2025-06-13 18:00:00.305660+00:00,0.05,11.0,2025-06-13 19:59:57.661608+00:00,0.05,22.0,0.07,10.0
AVGO,2025-06-20,P,185.0,,,2025-06-13 18:53:48.865533+00:00,0.03,1.0,2025-06-13 19:59:59.634550+00:00,0.05,16.0,0.08,6.0
AVGO,2025-06-20,P,186.0,,,2025-06-13 19:27:05.839426+00:00,0.06,5.0,2025-06-13 19:59:58.666022+00:00,0.05,7.0,0.08,22.0
AVGO,2025-06-20,P,188.0,,,2025-06-13 14:24:41.926414+00:00,0.05,27.0,2025-06-13 19:59:59.542085+00:00,0.02,16.0,0.09,18.0
AVGO,2025-06-20,P,190.0,,,2025-06-13 19:24:18.708023+00:00,0.06,2.0,2025-06-13 19:59:59.626526+00:00,0.07,8.0,0.09,9.0
AVGO,2025-06-20,P,192.0,,,2025-06-13 19:52:21.300112+00:00,0.07,2.0,2025-06-13 19:59:58.479303+00:00,0.08,7.0,0.1,17.0
AVGO,2025-06-20,P,194.0,,,2025-06-13 19:56:52.077002+00:00,0.09,1.0,2025-06-13 19:59:58.687880+00:00,0.09,31.0,0.11,17.0
AVGO,2025-06-20,P,195.0,,,2025-06-13 19:52:21.305211+00:00,0.09,1.0,2025-06-13 19:59:59.026772+00:00,0.09,6.0,0.11,19.0
AVGO,2025-06-20,P,196.0,,,2025-06-12 14:11:43.885388+00:00,0.08,1.0,2025-06-13 19:59:58.479392+00:00,0.09,6.0,0.12,5.0
AVGO,2025-06-20,P,198.0,0.8411,delta=-0.0089 gamma=0.001 rho=-0.0003 theta=-0.0585 vega=0.007,2025-06-13 18:57:46.803178+00:00,0.07,10.0,2025-06-13 19:59:59.047005+00:00,0.06,9.0,0.09,24.0
AVGO,2025-06-20,P,200.0,0.8395,delta=-0.0115 gamma=0.0012 rho=-0.0004 theta=-0.0733 vega=0.0088,2025-06-13 19:59:36.868748+00:00,0.11,1.0,2025-06-13 19:59:59.609921+00:00,0.07,5.0,0.13,21.0
AVGO,2025-06-20,P,205.0,0.7659,delta=-0.0137 gamma=0.0016 rho=-0.0005 theta=-0.0775 vega=0.0102,2025-06-13 19:55:50.931475+00:00,0.12,9.0,2025-06-13 19:59:59.719848+00:00,0.1,6.0,0.12,23.0
AVGO,2025-06-20,P,207.5,0.7726,delta=-0.02 gamma=0.0022 rho=-0.0007 theta=-0.1081 vega=0.0141,2025-06-13 18:28:57.570592+00:00,0.17,2.0,2025-06-13 19:59:58.479072+00:00,0.16,23.0,0.18,18.0
AVGO,2025-06-20,P,210.0,0.7183,delta=-0.0197 gamma=0.0023 rho=-0.0007 theta=-0.0992 vega=0.0139,2025-06-13 19:51:46.499505+00:00,0.16,5.0,2025-06-13 19:59:58.012033+00:00,0.14,25.0,0.17,29.0
AVGO,2025-06-20,P,212.5,0.7147,delta=-0.0269 gamma=0.003 rho=-0.0009 theta=-0.1283 vega=0.0181,2025-06-13 19:56:03.871247+00:00,0.21,7.0,2025-06-13 19:59:59.784693+00:00,0.21,15.0,0.229,13.0
AVGO,2025-06-20,P,215.0,0.6648,delta=-0.0276 gamma=0.0033 rho=-0.001 theta=-0.1219 vega=0.0185,2025-06-13 19:50:55.390381+00:00,0.21,10.0,2025-06-13 19:59:58.479757+00:00,0.2,5.0,0.22,17.0
AVGO,2025-06-20,P,217.5,0.6554,delta=-0.0365 gamma=0.0042 rho=-0.0013 theta=-0.1514 vega=0.0233,2025-06-13 19:49:42.500689+00:00,0.27,4.0,2025-06-13 19:59:59.223691+00:00,0.27,22.0,0.3,7.0
AVGO,2025-06-20,P,220.0,0.6192,delta=-0.0413 gamma=0.0049 rho=-0.0014 theta=-0.1581 vega=0.0257,2025-06-13 19:57:41.589689+00:00,0.32,10.0,2025-06-13 19:59:59.909797+00:00,0.28,22.0,0.34,5.0
AVGO,2025-06-20,P,222.5,0.5968,delta=-0.0508 gamma=0.006 rho=-0.0018 theta=-0.18 vega=0.0304,2025-06-13 19:55:42.030389+00:00,0.37,1.0,2025-06-13 19:59:58.818937+00:00,0.37,57.0,0.39,5.0
AVGO,2025-06-20,P,225.0,0.5722,delta=-0.0621 gamma=0.0073 rho=-0.0022 theta=-0.202 vega=0.0356,2025-06-13 19:59:50.566467+00:00,0.45,10.0,2025-06-13 19:59:59.007992+00:00,0.45,11.0,0.47,7.0
AVGO,2025-06-20,P,227.5,0.5426,delta=-0.0744 gamma=0.0089 rho=-0.0026 theta=-0.2201 vega=0.041,2025-06-13 19:56:48.541334+00:00,0.55,4.0,2025-06-13 19:59:59.958011+00:00,0.509,6.0,0.57,1.0
AVGO,2025-06-20,P,230.0,0.5248,delta=-0.0947 gamma=0.011 rho=-0.0033 theta=-0.2548 vega=0.0491,2025-06-13 19:59:39.634119+00:00,0.7,1.0,2025-06-13 19:59:59.005135+00:00,0.68,32.0,0.71,6.0
AVGO,2025-06-20,P,232.5,0.506,delta=-0.1197 gamma=0.0136 rho=-0.0042 theta=-0.2905 vega=0.0581,2025-06-13 19:59:04.046491+00:00,0.88,1.0,2025-06-13 19:59:59.563190+00:00,0.869,23.0,0.91,10.0
AVGO,2025-06-20,P,235.0,0.4857,delta=-0.1503 gamma=0.0165 rho=-0.0053 theta=-0.3256 vega=0.068,2025-06-13 19:59:50.566447+00:00,1.14,10.0,2025-06-13 19:59:59.954152+00:00,1.09,8.0,1.17,6.0
AVGO,2025-06-20,P,237.5,0.4725,delta=-0.1919 gamma=0.0198 rho=-0.0067 theta=-0.3697 vega=0.0795,2025-06-13 19:59:53.024911+00:00,1.5,3.0,2025-06-13 19:59:59.311786+00:00,1.47,25.0,1.52,1.0
AVGO,2025-06-20,P,240.0,0.4578,delta=-0.2414 gamma=0.0234 rho=-0.0085 theta=-0.4082 vega=0.0908,2025-06-13 19:59:28.929164+00:00,1.99,5.0,2025-06-13 19:59:59.612738+00:00,1.889,10.0,2.01,6.0
AVGO,2025-06-20,P,242.5,0.4468,delta=-0.3017 gamma=0.0268 rho=-0.0106 theta=-0.4442 vega=0.1015,2025-06-13 19:59:43.699309+00:00,2.55,2.0,2025-06-13 19:59:59.477065+00:00,2.55,16.0,2.58,7.0
AVGO,2025-06-20,P,245.0,0.4327,delta=-0.3698 gamma=0.03 rho=-0.0131 theta=-0.4642 vega=0.1099,2025-06-13 19:59:29.086760+00:00,3.36,5.0,2025-06-13 19:59:59.677834+00:00,3.24,22.0,3.36,6.0
AVGO,2025-06-20,P,247.5,0.4288,delta=-0.4472 gamma=0.0317 rho=-0.0158 theta=-0.48 vega=0.1151,2025-06-13 19:59:56.894309+00:00,4.35,10.0,2025-06-13 19:59:59.543989+00:00,4.18,21.0,4.47,11.0
AVGO,2025-06-20,P,250.0,0.4308,delta=-0.5267 gamma=0.0317 rho=-0.0187 theta=-0.483 vega=0.1159,2025-06-13 19:59:30.474236+00:00,5.6,4.0,2025-06-13 19:59:59.455578+00:00,5.56,4.0,5.67,15.0
AVGO,2025-06-20,P,252.5,0.4158,delta=-0.6086 gamma=0.0317 rho=-0.0217 theta=-0.4462 vega=0.1118,2025-06-13 19:56:57.514436+00:00,7.04,1.0,2025-06-13 19:59:59.480513+00:00,6.78,21.0,7.04,11.0
AVGO,2025-06-20,P,255.0,0.4172,delta=-0.6831 gamma=0.0293 rho=-0.0244 theta=-0.4114 vega=0.1037,2025-06-13 19:50:50.825411+00:00,8.53,1.0,2025-06-13 19:59:59.803082+00:00,8.53,11.0,8.64,15.0
AVGO,2025-06-20,P,257.5,0.4393,delta=-0.7388 gamma=0.0254 rho=-0.0266 theta=-0.3928 vega=0.0946,2025-06-13 19:58:50.600793+00:00,10.67,2.0,2025-06-13 19:59:58.912734+00:00,10.56,17.0,10.69,9.0
AVGO,2025-06-20,P,260.0,0.4438,delta=-0.7935 gamma=0.0221 rho=-0.0288 theta=-0.3439 vega=0.0831,2025-06-13 19:50:22.572652+00:00,12.55,1.0,2025-06-13 19:59:59.152601+00:00,12.55,9.0,12.69,15.0
AVGO,2025-06-20,P,262.5,0.4288,delta=-0.8508 gamma=0.0186 rho=-0.031 theta=-0.2634 vega=0.0676,2025-06-13 19:46:49.424762+00:00,14.63,1.0,2025-06-13 19:59:59.908287+00:00,14.51,6.0,14.68,8.0
AVGO,2025-06-20,P,265.0,0.4521,delta=-0.8775 gamma=0.0154 rho=-0.0322 theta=-0.2393 vega=0.0591,2025-06-13 19:02:06.904270+00:00,16.34,1.0,2025-06-13 19:59:59.999742+00:00,16.83,12.0,17.03,16.0
AVGO,2025-06-20,P,267.5,0.4629,delta=-0.9045 gamma=0.0126 rho=-0.0334 theta=-0.1998 vega=0.0494,2025-06-13 18:16:41.561803+00:00,18.55,1.0,2025-06-13 19:59:59.756245+00:00,18.75,27.0,19.73,21.0
AVGO,2025-06-20,P,270.0,0.4501,delta=-0.9361 gamma=0.0095 rho=-0.0348 theta=-0.1339 vega=0.0364,2025-06-13 18:16:41.566084+00:00,20.57,2.0,2025-06-13 19:59:59.493754+00:00,21.26,27.0,21.75,9.0
AVGO,2025-06-20,P,272.5,0.4909,delta=-0.9397 gamma=0.0084 rho=-0.0353 theta=-0.1405 vega=0.0348,2025-06-13 18:15:14.534738+00:00,22.96,1.0,2025-06-13 19:59:59.008427+00:00,23.49,12.0,24.53,22.0
AVGO,2025-06-20,P,275.0,0.5233,delta=-0.9454 gamma=0.0073 rho=-0.0358 theta=-0.1377 vega=0.0322,2025-06-13 15:32:14.136138+00:00,22.72,1.0,2025-06-13 19:59:59.199529+00:00,26.48,6.0,26.5,6.0
AVGO,2025-06-20,P,277.5,0.4995,delta=-0.9668 gamma=0.0051 rho=-0.0369 theta=-0.0758 vega=0.0215,2025-06-12 15:17:40.875173+00:00,21.95,1.0,2025-06-13 19:59:58.727563+00:00,28.339,6.0,29.32,11.0
AVGO,2025-06-20,P,280.0,,,2025-06-13 19:54:40.144304+00:00,31.31,4.0,2025-06-13 19:59:59.164124+00:00,30.97,12.0,31.31,6.0
AVGO,2025-06-20,P,282.5,0.5841,delta=-0.9658 gamma=0.0045 rho=-0.0375 theta=-0.0967 vega=0.0221,2025-06-12 13:54:31.407335+00:00,28.3,1.0,2025-06-13 19:59:57.542083+00:00,33.73,10.0,34.0,9.0
AVGO,2025-06-20,P,285.0,0.8398,delta=-0.9084 gamma=0.0067 rho=-0.036 theta=-0.371 vega=0.0479,2025-06-11 15:10:16.744043+00:00,33.34,2.0,2025-06-13 19:59:57.818973+00:00,36.75,5.0,37.53,10.0
AVGO,2025-06-20,P,287.5,0.6218,delta=-0.9743 gamma=0.0033 rho=-0.0385 theta=-0.0752 vega=0.0174,2025-06-11 17:34:10.978356+00:00,34.05,1.0,2025-06-13 19:59:57.543787+00:00,38.6,7.0,39.02,10.0
AVGO,2025-06-20,P,290.0,,,2025-06-13 19:02:01.356868+00:00,40.38,1.0,2025-06-13 19:59:59.749499+00:00,39.22,129.0,41.83,64.0
AVGO,2025-06-20,P,292.5,0.9231,delta=-0.9254 gamma=0.0052 rho=-0.0376 theta=-0.3465 vega=0.041,,,,2025-06-13 19:59:59.521335+00:00,43.59,6.0,45.4,44.0
AVGO,2025-06-20,P,295.0,0.8063,delta=-0.9605 gamma=0.0036 rho=-0.0391 theta=-0.1667 vega=0.0249,2025-06-12 15:38:47.875204+00:00,39.37,2.0,2025-06-13 19:59:57.818999+00:00,46.17,5.0,46.82,7.0
AVGO,2025-06-20,P,297.5,1.0423,delta=-0.9197 gamma=0.0049 rho=-0.0381 theta=-0.4194 vega=0.0434,,,,2025-06-13 19:59:58.709827+00:00,49.31,8.0,50.06,7.0
AVGO,2025-06-20,P,300.0,0.8835,delta=-0.9605 gamma=0.0033 rho=-0.0398 theta=-0.1852 vega=0.0248,2025-06-13 17:21:03.828877+00:00,49.52,1.0,2025-06-13 19:59:59.514679+00:00,50.36,5.0,52.69,45.0
AVGO,2025-06-20,P,305.0,1.0128,delta=-0.9513 gamma=0.0034 rho=-0.0402 theta=-0.2631 vega=0.0294,,,,2025-06-13 19:59:59.521997+00:00,55.729,5.0,57.67,52.0
AVGO,2025-06-20,P,310.0,,,2025-06-10 16:15:41.416971+00:00,65.72,2.0,2025-06-13 19:59:58.709876+00:00,62.39,5.0,63.34,5.0
AVGO,2025-06-20,P,315.0,,,,,,2025-06-13 19:59:59.521997+00:00,65.81,5.0,68.17,57.0
AVGO,2025-06-20,P,320.0,,,2025-06-05 13:59:36.169799+00:00,59.65,1.0,2025-06-13 19:59:58.724150+00:00,72.62,4.0,73.57,9.0
AVGO,2025-06-20,P,325.0,,,,,,2025-06-13 19:59:59.519972+00:00,75.73,5.0,76.81,60.0
AVGO,2025-06-20,P,330.0,,,2025-06-12 16:09:53.570863+00:00,74.27,1.0,2025-06-13 19:59:58.669069+00:00,81.83,7.0,82.83,5.0
AVGO,2025-06-20,P,340.0,,,2024-12-18 17:30:55.258453+00:00,110.3,1.0,2025-06-13 19:59:59.503117+00:00,90.52,5.0,92.52,59.0
AVGO,2025-06-20,P,350.0,,,2025-01-28 14:37:45.196856+00:00,150.0,1.0,2025-06-13 19:59:59.505783+00:00,99.28,58.0,102.24,82.0
AVGO,2025-06-20,P,360.0,,,2025-06-05 14:47:34.896707+00:00,97.75,1.0,2025-06-13 19:59:59.518449+00:00,108.69,101.0,110.65,65.0
AVGO,2025-06-20,P,370.0,,,2025-04-07 19:22:15.936820+00:00,218.07,1.0,2025-06-13 19:59:58.648060+00:00,120.92,11.0,123.94,11.0
AVGO,2025-06-20,P,410.0,,,2024-07-05 14:39:49.960271+00:00,3.16,1.0,2024-07-12 19:57:12.504882+00:00,0.03,20.0,6.8,35.0
AVGO,2025-06-20,P,420.0,,,2024-06-05 19:57:37.821684+00:00,1.25,1.0,2024-07-12 19:59:33.779347+00:00,0.0,0.0,6.78,21.0
AVGO,2025-06-20,P,430.0,,,2024-06-17 19:11:59.893454+00:00,0.5,1.0,2024-07-12 19:59:21.957794+00:00,0.0,0.0,1.53,25.0
AVGO,2025-06-20,P,440.0,,,,,,2024-07-12 19:59:39.389228+00:00,0.0,0.0,2.67,21.0
AVGO,2025-06-20,P,450.0,,,,,,2024-07-12 19:59:39.375457+00:00,0.0,0.0,7.12,20.0
AVGO,2025-06-20,P,460.0,,,2024-03-14 17:45:23.219403+00:00,3.7,1.0,2024-07-12 19:59:39.375457+00:00,0.0,0.0,7.03,20.0
AVGO,2025-06-20,P,470.0,,,,,,2024-07-12 19:59:39.375457+00:00,0.0,0.0,7.13,20.0
AVGO,2025-06-20,P,480.0,,,,,,2024-07-12 19:59:39.375450+00:00,0.0,0.0,7.27,20.0
AVGO,2025-06-20,P,490.0,,,,,,2024-07-12 19:58:31.348926+00:00,0.0,0.0,7.1,20.0
AVGO,2025-06-20,P,500.0,,,2024-06-26 16:46:46.200726+00:00,1.81,1.0,2024-07-12 19:55:23.079446+00:00,0.0,0.0,6.86,21.0
AVGO,2025-06-20,P,510.0,,,2024-06-26 16:46:46.200726+00:00,1.85,1.0,2024-07-12 19:59:39.375416+00:00,0.0,0.0,7.32,20.0
AVGO,2025-06-20,P,520.0,,,,,,2024-07-12 19:59:39.377726+00:00,0.0,0.0,7.38,21.0
AVGO,2025-06-20,P,530.0,,,2024-05-07 18:03:56.829383+00:00,3.29,3.0,2024-07-12 19:59:39.375340+00:00,0.0,0.0,7.55,20.0
AVGO,2025-06-20,P,540.0,,,,,,2024-07-12 19:59:39.375416+00:00,0.0,0.0,7.64,20.0
AVGO,2025-06-20,P,550.0,,,2024-06-26 16:47:29.246404+00:00,3.92,1.0,2024-07-12 19:59:39.375416+00:00,0.0,0.0,7.59,20.0
AVGO,2025-06-20,P,560.0,,,2024-06-26 16:47:29.246404+00:00,3.98,1.0,2024-07-12 19:58:31.348285+00:00,0.0,0.0,7.72,20.0
AVGO,2025-06-20,P,570.0,,,,,,2024-07-12 19:58:31.347959+00:00,0.0,0.0,7.78,20.0
AVGO,2025-06-20,P,580.0,,,,,,2024-07-12 19:58:31.348400+00:00,0.0,0.0,7.98,20.0
AVGO,2025-06-20,P,590.0,,,,,,2024-07-12 19:58:31.348786+00:00,0.0,0.0,8.02,20.0
AVGO,2025-06-20,P,600.0,,,2024-07-08 13:57:48.085399+00:00,3.9,1.0,2024-07-12 19:55:17.635657+00:00,1.67,1.0,2.98,20.0
AVGO,2025-06-20,P,610.0,,,2024-06-20 13:52:59.048422+00:00,1.65,1.0,2024-07-12 19:59:39.375340+00:00,0.0,0.0,8.23,20.0
AVGO,2025-06-20,P,620.0,,,2024-06-20 13:56:03.665942+00:00,1.75,1.0,2024-07-12 19:58:42.710155+00:00,0.0,0.0,8.2,20.0
AVGO,2025-06-20,P,630.0,,,,,,2024-07-12 19:58:31.348881+00:00,0.0,0.0,8.38,20.0
AVGO,2025-06-20,P,640.0,,,2024-03-22 15:03:46.123863+00:00,6.9,5.0,2024-07-12 19:58:31.348204+00:00,0.0,0.0,8.42,20.0
AVGO,2025-06-20,P,650.0,,,,,,2024-07-12 19:58:31.348585+00:00,0.0,0.0,8.45,20.0
AVGO,2025-06-20,P,660.0,,,2024-06-25 19:59:21.114200+00:00,4.5,1.0,2024-07-12 19:58:31.348881+00:00,0.0,0.0,8.78,20.0
AVGO,2025-06-20,P,670.0,,,2024-07-08 13:30:00.563425+00:00,2.6,1.0,2024-07-12 19:58:31.347929+00:00,0.0,0.0,8.87,20.0
AVGO,2025-06-20,P,680.0,,,2024-06-05 16:19:44.563203+00:00,6.3,1.0,2024-07-12 19:58:31.348585+00:00,0.0,0.0,9.02,20.0
AVGO,2025-06-20,P,690.0,,,2024-06-13 15:11:23.230201+00:00,4.0,1.0,2024-07-12 19:59:33.779243+00:00,0.0,0.0,9.08,21.0
AVGO,2025-06-20,P,700.0,,,2024-06-12 18:30:21.351334+00:00,4.5,1.0,2024-07-12 19:59:39.383536+00:00,0.0,0.0,9.12,21.0
AVGO,2025-06-20,P,710.0,,,2024-06-06 17:19:46.772642+00:00,7.6,1.0,2024-07-12 19:58:42.710155+00:00,0.0,0.0,9.21,20.0
AVGO,2025-06-20,P,720.0,,,2024-05-02 18:12:38.617765+00:00,15.2,2.0,2024-07-12 19:59:39.375377+00:00,0.0,0.0,9.65,21.0
AVGO,2025-06-20,P,730.0,,,2024-06-06 17:20:06.580954+00:00,8.5,1.0,2024-07-12 19:59:33.719987+00:00,0.0,0.0,9.53,21.0
AVGO,2025-06-20,P,740.0,,,2024-06-05 16:19:44.914940+00:00,9.2,1.0,2024-07-12 19:59:33.720382+00:00,0.07,21.0,10.07,30.0
AVGO,2025-06-20,P,750.0,,,2024-05-14 16:41:36.954862+00:00,11.5,1.0,2024-07-12 19:59:33.720843+00:00,0.0,0.0,9.41,21.0
AVGO,2025-06-20,P,760.0,,,2024-05-30 17:51:56.808224+00:00,10.65,1.0,2024-07-12 19:59:33.720041+00:00,0.07,21.0,9.98,36.0
AVGO,2025-06-20,P,770.0,,,2024-06-13 15:11:59.392333+00:00,5.0,1.0,2024-07-12 19:59:33.720382+00:00,0.07,21.0,9.89,36.0
AVGO,2025-06-20,P,780.0,,,2024-05-30 17:51:56.808224+00:00,12.0,1.0,2024-07-12 19:59:33.719364+00:00,0.03,21.0,10.02,30.0
AVGO,2025-06-20,P,790.0,,,2024-06-14 17:36:49.276431+00:00,4.4,1.0,2024-07-12 19:59:43.110476+00:00,0.07,21.0,10.18,43.0
AVGO,2025-06-20,P,800.0,,,2024-07-11 19:46:17.706525+00:00,5.4,1.0,2024-07-12 19:59:59.554873+00:00,0.0,0.0,5.95,7.0
AVGO,2025-06-20,P,810.0,,,2024-06-21 16:13:52.300022+00:00,5.74,1.0,2024-07-12 19:59:33.711256+00:00,0.07,22.0,10.04,31.0
AVGO,2025-06-20,P,820.0,,,2024-04-17 16:47:18.852680+00:00,24.48,3.0,2024-07-12 19:59:33.779243+00:00,0.08,21.0,10.13,30.0
AVGO,2025-06-20,P,830.0,,,2024-06-12 15:52:37.311107+00:00,11.55,1.0,2024-07-12 19:59:33.779307+00:00,0.08,21.0,9.85,39.0
AVGO,2025-06-20,P,840.0,,,,,,2024-07-12 19:59:33.711401+00:00,0.33,21.0,10.02,31.0
AVGO,2025-06-20,P,850.0,,,2024-06-05 18:53:21.789013+00:00,17.0,1.0,2024-07-12 19:59:33.779182+00:00,0.47,20.0,9.93,31.0
AVGO,2025-06-20,P,860.0,,,2024-06-24 19:02:25.006013+00:00,7.5,1.0,2024-07-12 19:59:39.377866+00:00,0.37,26.0,9.96,31.0
AVGO,2025-06-20,P,870.0,,,2024-06-14 14:05:06.577802+00:00,9.0,4.0,2024-07-12 19:55:23.077917+00:00,0.68,26.0,9.89,30.0
AVGO,2025-06-20,P,880.0,,,2024-06-14 16:15:38.034064+00:00,7.9,1.0,2024-07-12 19:55:23.077386+00:00,1.12,26.0,10.04,41.0
AVGO,2025-06-20,P,890.0,,,2024-04-12 17:52:33.978822+00:00,31.85,1.0,2024-07-12 19:55:23.066380+00:00,1.48,26.0,11.04,36.0
AVGO,2025-06-20,P,900.0,,,2024-07-03 15:29:47.976549+00:00,7.53,1.0,2024-07-12 19:55:23.077556+00:00,6.1,17.0,11.18,60.0
AVGO,2025-06-20,P,910.0,,,2024-06-14 19:51:39.230544+00:00,9.4,1.0,2024-07-12 19:55:23.078704+00:00,2.38,21.0,11.94,30.0
AVGO,2025-06-20,P,920.0,,,2024-07-09 18:03:19.410014+00:00,10.2,1.0,2024-07-12 19:55:23.078348+00:00,2.78,21.0,12.16,42.0
AVGO,2025-06-20,P,930.0,,,2024-06-14 18:02:46.651155+00:00,9.7,1.0,2024-07-12 19:55:23.078504+00:00,3.26,21.0,13.08,30.0
AVGO,2025-06-20,P,940.0,,,2024-07-09 18:03:25.623274+00:00,11.3,1.0,2024-07-12 19:59:43.110897+00:00,3.88,21.0,13.02,40.0
AVGO,2025-06-20,P,950.0,,,2024-07-05 13:30:01.230825+00:00,9.4,2.0,2024-07-12 19:59:33.779203+00:00,8.35,15.0,14.26,30.0
AVGO,2025-06-20,P,960.0,,,2024-07-11 15:44:58.226832+00:00,6.08,1.0,2024-07-12 19:59:58.346980+00:00,5.03,21.0,14.02,21.0
AVGO,2025-06-20,P,970.0,,,,,,2024-07-12 19:59:33.779297+00:00,5.74,21.0,14.94,21.0
AVGO,2025-06-20,P,980.0,,,,,,2024-07-12 19:55:23.066525+00:00,6.37,32.0,14.79,24.0
AVGO,2025-06-20,P,990.0,,,2024-06-26 15:56:35.167941+00:00,18.3,7.0,2024-07-12 19:59:33.779243+00:00,6.9,26.0,15.7,18.0
AVGO,2025-06-20,P,1000.0,,,2024-07-12 19:54:18.286069+00:00,13.5,1.0,2024-07-12 19:59:33.710519+00:00,9.65,22.0,17.13,21.0
AVGO,2025-06-20,P,1010.0,,,2024-07-03 14:01:16.246182+00:00,14.0,10.0,2024-07-12 19:59:59.554993+00:00,12.89,2.0,16.86,13.0
AVGO,2025-06-20,P,1020.0,,,2024-05-14 18:05:17.621229+00:00,45.5,10.0,2024-07-12 19:55:23.068521+00:00,9.38,44.0,18.06,15.0
AVGO,2025-06-20,P,1030.0,,,2024-07-03 13:37:25.951996+00:00,17.7,1.0,2024-07-12 19:55:23.066435+00:00,9.63,32.0,18.64,24.0
AVGO,2025-06-20,P,1040.0,,,2024-06-14 14:19:31.971972+00:00,20.1,1.0,2024-07-12 19:59:59.554838+00:00,11.0,21.0,20.19,16.0
AVGO,2025-06-20,P,1050.0,,,2024-07-02 15:28:42.433340+00:00,20.32,5.0,2024-07-12 19:59:47.637495+00:00,11.84,23.0,20.78,19.0
AVGO,2025-06-20,P,1060.0,,,2024-06-26 18:09:50.217673+00:00,27.2,1.0,2024-07-12 19:59:48.121775+00:00,12.71,23.0,20.78,9.0
AVGO,2025-06-20,P,1070.0,,,2024-07-09 18:03:20.220629+00:00,21.4,1.0,2024-07-12 19:59:48.123490+00:00,13.55,23.0,21.57,8.0
AVGO,2025-06-20,P,1080.0,,,2024-06-20 15:41:40.166377+00:00,21.0,1.0,2024-07-12 19:59:48.118753+00:00,14.57,22.0,22.78,8.0
AVGO,2025-06-20,P,1090.0,,,2024-05-20 17:39:38.905468+00:00,56.4,1.0,2024-07-12 19:59:58.001306+00:00,15.56,23.0,23.69,6.0
AVGO,2025-06-20,P,1100.0,,,2024-07-12 18:24:30.286153+00:00,22.5,1.0,2024-07-12 19:59:58.000725+00:00,18.27,28.0,25.32,13.0
AVGO,2025-06-20,P,1110.0,,,2024-07-11 16:23:29.625333+00:00,25.2,2.0,2024-07-12 19:59:49.213371+00:00,18.56,24.0,27.36,12.0
AVGO,2025-06-20,P,1120.0,,,2024-07-11 15:08:20.993362+00:00,25.61,2.0,2024-07-12 19:59:48.504974+00:00,20.07,31.0,28.29,22.0
AVGO,2025-06-20,P,1130.0,,,2024-07-11 14:56:11.995403+00:00,27.3,2.0,2024-07-12 19:59:59.972788+00:00,22.04,26.0,28.91,11.0
AVGO,2025-06-20,P,1140.0,,,2024-06-25 13:31:29.014778+00:00,37.0,1.0,2024-07-12 19:59:59.237864+00:00,23.5,23.0,29.61,6.0
AVGO,2025-06-20,P,1150.0,,,2024-07-12 18:30:03.691031+00:00,27.8,1.0,2024-07-12 19:59:59.786664+00:00,24.21,28.0,31.65,15.0
AVGO,2025-06-20,P,1160.0,,,2024-07-11 16:39:05.898053+00:00,32.0,1.0,2024-07-12 19:59:59.004663+00:00,25.44,15.0,32.65,12.0
AVGO,2025-06-20,P,1170.0,,,2024-06-24 18:53:59.370914+00:00,41.4,1.0,2024-07-12 19:59:48.121775+00:00,24.74,21.0,34.79,9.0
AVGO,2025-06-20,P,1180.0,,,2024-07-11 14:52:28.276382+00:00,34.89,1.0,2024-07-12 19:59:58.984244+00:00,27.59,23.0,35.95,6.0
AVGO,2025-06-20,P,1190.0,,,2024-07-11 15:37:35.822003+00:00,37.4,1.0,2024-07-12 19:59:59.004645+00:00,29.62,15.0,37.42,14.0
AVGO,2025-06-20,P,1200.0,,,2024-07-12 19:55:08.153728+00:00,36.5,15.0,2024-07-12 19:59:58.750172+00:00,32.77,13.0,37.71,6.0
AVGO,2025-06-20,P,1210.0,,,2024-06-26 19:09:44.195873+00:00,55.3,1.0,2024-07-12 19:59:58.983813+00:00,33.95,7.0,40.45,6.0
AVGO,2025-06-20,P,1220.0,,,2024-06-26 18:55:51.505848+00:00,57.6,1.0,2024-07-12 19:59:48.118743+00:00,32.78,21.0,43.61,7.0
AVGO,2025-06-20,P,1230.0,,,2024-07-01 14:30:58.309294+00:00,53.5,1.0,2024-07-12 19:59:48.123394+00:00,35.29,18.0,45.68,8.0
AVGO,2025-06-20,P,1240.0,,,2024-07-10 19:09:11.885444+00:00,41.8,1.0,2024-07-12 19:59:48.124522+00:00,36.93,16.0,46.54,8.0
AVGO,2025-06-20,P,1250.0,,,2024-07-11 18:10:23.837278+00:00,52.2,1.0,2024-07-12 19:59:48.554171+00:00,39.15,25.0,48.8,13.0
AVGO,2025-06-20,P,1260.0,,,2024-07-03 16:11:11.418407+00:00,48.38,1.0,2024-07-12 19:59:48.122788+00:00,40.94,14.0,51.51,9.0
AVGO,2025-06-20,P,1270.0,,,2024-06-27 14:47:07.905779+00:00,65.0,1.0,2024-07-12 19:59:59.555088+00:00,42.52,14.0,53.46,8.0
AVGO,2025-06-20,P,1280.0,,,2024-07-08 18:05:03.324437+00:00,50.2,1.0,2024-07-12 19:59:58.984134+00:00,45.31,15.0,55.15,11.0
AVGO,2025-06-20,P,1290.0,,,2024-07-12 13:41:53.635858+00:00,57.5,1.0,2024-07-12 19:59:58.726635+00:00,48.25,13.0,56.2,15.0
AVGO,2025-06-20,P,1300.0,,,2024-07-12 18:37:59.706309+00:00,54.0,1.0,2024-07-12 20:00:00.054488+00:00,49.67,12.0,59.7,5.0
AVGO,2025-06-20,P,1310.0,,,2024-07-05 19:34:24.155357+00:00,62.3,4.0,2024-07-12 19:59:58.984134+00:00,53.04,12.0,62.62,8.0
AVGO,2025-06-20,P,1320.0,,,2024-07-11 14:34:56.304849+00:00,64.4,1.0,2024-07-12 19:59:58.766736+00:00,54.5,12.0,64.72,15.0
AVGO,2025-06-20,P,1340.0,,,2024-07-12 16:35:06.105830+00:00,64.1,5.0,2024-07-12 19:59:59.833581+00:00,61.11,4.0,69.08,6.0
AVGO,2025-06-20,P,1360.0,,,2024-06-25 17:26:41.767251+00:00,95.6,1.0,2024-07-12 19:59:58.737527+00:00,64.16,13.0,75.12,11.0
AVGO,2025-06-20,P,1380.0,,,2024-07-11 16:40:38.749915+00:00,81.3,2.0,2024-07-12 19:59:59.570640+00:00,69.72,5.0,80.04,6.0
AVGO,2025-06-20,P,1400.0,,,2024-07-11 16:24:49.982824+00:00,88.3,1.0,2024-07-12 19:59:59.151959+00:00,81.33,1.0,84.38,8.0
AVGO,2025-06-20,P,1420.0,,,2024-07-11 14:32:05.909784+00:00,92.3,1.0,2024-07-12 19:59:51.084664+00:00,81.72,4.0,93.62,15.0
AVGO,2025-06-20,P,1440.0,,,2024-07-08 15:36:28.503916+00:00,92.63,2.0,2024-07-12 19:59:58.768281+00:00,89.39,3.0,97.36,15.0
AVGO,2025-06-20,P,1460.0,,,2024-07-12 14:28:51.199614+00:00,106.3,1.0,2024-07-12 19:59:58.848441+00:00,96.59,4.0,107.27,11.0
AVGO,2025-06-20,P,1480.0,,,2024-07-12 19:27:08.805372+00:00,105.98,1.0,2024-07-12 20:00:00.077312+00:00,102.53,5.0,115.82,12.0
AVGO,2025-06-20,P,1500.0,,,2024-07-11 19:59:37.131185+00:00,122.0,45.0,2024-07-12 19:59:59.972778+00:00,109.54,3.0,124.27,23.0
AVGO,2025-06-20,P,1520.0,,,2024-07-09 18:03:52.373607+00:00,129.4,1.0,2024-07-12 19:59:59.556086+00:00,118.27,5.0,131.23,14.0
AVGO,2025-06-20,P,1540.0,,,2024-07-03 16:15:37.053889+00:00,132.95,1.0,2024-07-12 19:59:58.224714+00:00,124.3,10.0,137.05,23.0
AVGO,2025-06-20,P,1560.0,,,2024-07-12 16:25:09.914569+00:00,141.49,1.0,2024-07-12 19:59:58.836292+00:00,131.82,3.0,145.14,11.0
AVGO,2025-06-20,P,1580.0,,,2024-07-12 19:09:16.200283+00:00,143.0,1.0,2024-07-12 19:59:59.499457+00:00,142.12,5.0,150.07,9.0
AVGO,2025-06-20,P,1600.0,,,2024-07-12 18:52:22.959877+00:00,151.25,1.0,2024-07-12 19:59:58.369023+00:00,151.48,5.0,162.76,2.0
AVGO,2025-06-20,P,1620.0,,,2024-07-12 18:57:50.547328+00:00,160.02,1.0,2024-07-12 19:59:59.556161+00:00,162.01,4.0,169.87,9.0
AVGO,2025-06-20,P,1640.0,,,2024-07-11 18:48:22.853202+00:00,186.5,20.0,2024-07-12 19:59:58.732409+00:00,167.25,6.0,179.66,8.0
AVGO,2025-06-20,P,1660.0,,,2024-07-11 19:57:51.321861+00:00,189.8,1.0,2024-07-12 19:59:59.520461+00:00,179.07,6.0,185.64,5.0
AVGO,2025-06-20,P,1680.0,,,2024-07-09 16:47:35.789499+00:00,197.19,1.0,2024-07-12 19:59:58.732519+00:00,191.24,6.0,200.06,5.0
AVGO,2025-06-20,P,1700.0,,,2024-07-12 17:01:41.045428+00:00,207.78,1.0,2024-07-12 19:59:58.046609+00:00,197.94,8.0,212.91,2.0
AVGO,2025-06-20,P,1720.0,,,2024-07-12 13:47:38.102445+00:00,219.36,1.0,2024-07-12 19:59:58.025053+00:00,208.06,9.0,221.79,5.0
AVGO,2025-06-20,P,1740.0,,,2024-07-11 17:10:58.032445+00:00,243.04,1.0,2024-07-12 19:59:58.216540+00:00,215.63,8.0,225.75,7.0
AVGO,2025-06-20,P,1760.0,,,2024-07-12 18:12:37.639470+00:00,235.3,6.0,2024-07-12 19:59:58.765864+00:00,228.04,6.0,239.6,12.0
AVGO,2025-06-20,P,1780.0,,,2024-07-12 14:26:19.073374+00:00,251.79,1.0,2024-07-12 19:59:59.978541+00:00,246.38,4.0,253.13,22.0
AVGO,2025-06-20,P,1800.0,,,2024-07-11 13:39:32.401659+00:00,253.17,1.0,2024-07-12 19:59:58.216710+00:00,255.98,11.0,263.07,13.0
AVGO,2025-06-20,P,1820.0,,,2024-07-10 18:38:48.222079+00:00,254.79,1.0,2024-07-12 19:59:58.984345+00:00,270.76,11.0,278.91,22.0
AVGO,2025-06-20,P,1840.0,,,2024-06-28 14:52:41.701519+00:00,340.22,1.0,2024-07-12 19:59:55.904749+00:00,282.37,11.0,288.27,22.0
AVGO,2025-06-20,P,1860.0,,,2024-07-05 15:29:54.845859+00:00,300.8,1.0,2024-07-12 19:59:59.919847+00:00,290.72,5.0,308.02,25.0
AVGO,2025-06-20,P,1880.0,,,2024-06-18 14:42:26.332116+00:00,289.7,1.0,2024-07-12 19:59:58.000631+00:00,298.72,11.0,317.43,15.0
AVGO,2025-06-20,P,1900.0,,,2024-06-27 19:54:54.776087+00:00,394.9,1.0,2024-07-12 19:59:58.983944+00:00,316.64,7.0,326.02,24.0
AVGO,2025-06-20,P,1920.0,,,,,,2024-07-12 19:59:59.004669+00:00,328.77,11.0,342.1,11.0
AVGO,2025-06-20,P,1940.0,,,2024-06-18 16:48:08.860347+00:00,319.33,2.0,2024-07-12 19:59:58.838823+00:00,337.73,11.0,361.64,11.0
AVGO,2025-06-20,P,1960.0,,,2024-07-12 18:12:37.639470+00:00,355.3,6.0,2024-07-12 19:59:58.765814+00:00,360.52,6.0,370.3,12.0
AVGO,2025-06-20,P,1980.0,,,2024-06-17 14:28:34.520054+00:00,349.1,1.0,2024-07-12 19:59:58.837776+00:00,376.62,11.0,394.22,12.0
AVGO,2025-06-20,P,2000.0,,,2024-07-10 17:55:47.977587+00:00,367.69,2.0,2024-07-12 19:59:58.848370+00:00,386.64,4.0,401.6,8.0
AVGO,2025-06-20,P,2050.0,,,,,,2024-07-12 19:59:51.276986+00:00,414.0,6.0,433.38,5.0
AVGO,2025-06-20,P,2100.0,,,2024-07-11 13:50:21.346540+00:00,453.82,4.0,2024-07-12 19:59:59.067223+00:00,459.81,5.0,482.85,8.0
AVGO,2025-06-20,P,2150.0,,,,,,2024-07-12 19:59:57.763434+00:00,490.66,16.0,504.39,7.0
AVGO,2025-06-20,P,2200.0,,,2024-07-11 13:50:21.346540+00:00,532.22,4.0,2024-07-12 19:59:58.984134+00:00,548.14,11.0,550.4,7.0
AVGO,2025-06-20,P,2250.0,,,,,,2024-07-12 19:59:48.959687+00:00,592.38,11.0,596.74,11.0
AVGO,2025-06-20,P,2300.0,,,2024-07-10 16:16:56.302380+00:00,602.98,1.0,2024-07-12 19:59:57.714012+00:00,616.19,21.0,629.4,6.0
AVGO,2025-06-20,P,2350.0,,,2024-07-10 18:38:48.222079+00:00,633.27,1.0,2024-07-12 19:59:58.727584+00:00,663.03,11.0,684.93,6.0
AVGO,2025-06-20,P,2400.0,,,2024-06-20 16:13:05.026354+00:00,684.94,1.0,2024-07-12 19:59:55.380765+00:00,707.95,32.0,721.34,16.0
AVGO,2025-06-20,P,2450.0,,,,,,2024-07-12 19:59:59.279899+00:00,748.64,24.0,764.79,1.0
AVGO,2025-06-20,P,2500.0,,,2024-06-17 19:54:40.231314+00:00,723.72,1.0,2024-07-12 19:59:59.489723+00:00,796.39,14.0,807.18,1.0
AVGO,2025-06-20,P,2550.0,,,,,,2024-07-12 19:59:59.616736+00:00,849.77,20.0,860.98,20.0
AVGO,2025-06-20,P,2600.0,,,2024-06-25 15:26:44.025001+00:00,998.92,1.0,2024-07-12 19:59:59.611442+00:00,904.03,1.0,932.17,32.0
AVGO,2025-06-20,P,2650.0,,,,,,2024-07-12 19:59:58.932381+00:00,941.98,32.0,943.89,32.0
AVGO,2025-06-20,P,2700.0,,,,,,2024-07-12 19:59:58.535535+00:00,972.82,21.0,1016.28,1.0
AVGO,2025-06-20,P,2750.0,,,,,,2024-07-12 19:59:59.498829+00:00,1050.98,20.0,1077.09,21.0
